order_id,product_id,sku,quantity,unit_price_cop,discount_pct
1,133,TM-00133,1,"$4,313,433",15
1,149,TM-00149,2,"$4,941,876",10
2,86,TM-00086,3,"$394,512",10
3,72,TM-00072,2,$ 4.879.240,0
4,45,TM-00045,1,"$2,131,777",0
4,37,TM-00037,3,$ 2.264.457,0
5,56,TM-00056,3,$ 4.824.000,10
5,102,TM-00102,1,"2,535,095",0
5,188,TM-00188,3,"$3.189.864,26",0
5,147,TM-00147,2,"$1,271,127",0
6,211,TM-00211,2,"3,704,719",10
7,125,TM-00125,3,"3,440,466",10
7,201,TM-00201,2,"$3.758.135,10",0
8,53,TM-00053,2,$ 3.667.984,0
8,191,TM-00191,3,3.597.851,15
8,43,TM-00043,2,"$3.016.871,14",5
9,210,TM-00210,3,"$3.909.572,69",10
9,89,TM-00089,1,"3,703,130",0
10,40,TM-00040,1,"$131,115",10
11,51,TM-00051,3,"4,340,127",10
11,90,TM-00090,2,"4,105,871",15
11,71,TM-00071,1,$3.537.767,0
12,47,TM-00047,2,"$1,920,018",10
12,54,TM-00054,1,"4,304,051",15
12,100,TM-00100,1,$ 1.052.897,10
12,172,TM-00172,3,819.012,0
13,113,TM-00113,2,$2.421.613,0
13,68,TM-00068,1,$3.739.918,5
13,32,TM-00032,1,$664.555,0
13,62,TM-00062,2,"$4,197,136",0
14,192,TM-00192,2,"$919,064",0
14,153,TM-00153,1,"$2.039.825,64",15
14,188,TM-00188,2,"$3,189,864",0
14,133,TM-00133,3,"$4,313,433",10
15,36,TM-00036,2,"$1,353,991",10
15,132,TM-00132,3,"$2.094.563,77",0
15,177,TM-00177,3,"$174,657",0
15,218,TM-00218,2,$521.205,0
16,165,TM-00165,3,"$1.906.962,69",0
17,207,TM-00207,1,$ 3.020.969,0
17,94,TM-00094,2,"$2.367.508,28",10
18,202,TM-00202,2,2.945.519,0
18,35,TM-00035,3,"$918,946",0
18,189,TM-00189,3,"3,672,842",5
18,194,TM-00194,1,"$1.947.159,76",0
19,45,TM-00045,1,"$2.131.777,08",0
19,174,TM-00174,2,$ 625.543,0
20,36,TM-00036,1,"1,353,991",5
21,101,TM-00101,3,4.111.752,0
21,81,TM-00081,3,"$1.722.358,97",15
22,172,TM-00172,1,"$819.012,89",5
23,209,TM-00209,3,$3.553.870,0
23,97,TM-00097,1,"2,618,642",5
24,5,TM-00005,3,"1,332,108",15
25,161,TM-00161,1,"3,978,648",5
25,115,TM-00115,2,"1,299,813",0
25,9,TM-00009,3,$1.435.185,15
25,74,TM-00074,3,"$1.890.642,05",10
26,61,TM-00061,3,"660,927",10
26,88,TM-00088,2,"$935.324,92",0
26,84,TM-00084,1,4.880.133,0
27,208,TM-00208,2,$ 3.906.698,0
27,97,TM-00097,1,"$2,618,642",0
27,74,TM-00074,2,$1.890.642,15
28,172,TM-00172,3,"$819.012,68",5
28,167,TM-00167,1,$ 1.024.089,5
28,148,TM-00148,3,$1.518.588,10
29,183,TM-00183,3,"$1.294.314,34",5
29,4,TM-00004,3,"$942,638",0
29,17,TM-00017,3,$3.498.575,0
30,22,TM-00022,1,$ 1.843.042,5
31,72,TM-00072,1,"$4,879,240",0
32,126,TM-00126,3,"3,516,571",10
32,117,TM-00117,1,$ 2.333.766,0
32,124,TM-00124,3,"357,837",5
33,99,TM-00099,1,"2,622,140",10
33,207,TM-00207,3,$3.020.969,10
34,70,TM-00070,1,"1,844,766",0
34,55,TM-00055,2,$ 1.117.767,0
35,112,TM-00112,3,"$3.829.098,14",0
36,144,TM-00144,2,2.019.395,10
36,141,TM-00141,1,$ 1.259.263,0
36,188,TM-00188,1,"3,189,864",5
36,199,TM-00199,3,$ 2.771.120,0
37,79,TM-00079,3,$ 3.586.342,5
37,165,TM-00165,2,"$1.906.962,31",10
37,60,TM-00060,2,$ 1.934.422,0
38,148,TM-00148,2,"$1.518.588,38",0
39,108,TM-00108,3,3.541.120,0
40,149,TM-00149,2,"$4.941.876,63",0
40,182,TM-00182,2,"$955,649",0
41,64,TM-00064,1,"$4.725.858,86",15
41,172,TM-00172,1,$819.012,0
42,2,TM-00002,1,"$4.554.433,93",0
42,83,TM-00083,1,"$1,010,771",15
43,95,TM-00095,3,"$3.459.366,50",0
43,20,TM-00020,2,"2,145,528",10
43,214,TM-00214,2,912.386,5
44,76,TM-00076,3,"$4.530.553,51",5
45,166,TM-00166,1,$ 3.475.033,15
45,119,TM-00119,3,"1,970,357",5
45,192,TM-00192,2,"$919,064",15
45,162,TM-00162,1,$ 3.118.343,0
46,213,TM-00213,1,4.501.035,10
46,197,TM-00197,2,$ 1.240.130,0
46,218,TM-00218,2,$521.205,5
47,159,TM-00159,2,"$1,158,636",5
47,85,TM-00085,2,2.087.168,5
47,145,TM-00145,1,"875,800",10
48,200,TM-00200,2,"$467,438",0
48,47,TM-00047,1,1.920.018,15
48,20,TM-00020,1,$ 2.145.528,5
48,108,TM-00108,1,$ 3.541.120,0
49,220,TM-00220,2,$ 4.303.593,0
49,40,TM-00040,2,$ 131.115,10
49,48,TM-00048,3,"$2,391,470",0
50,53,TM-00053,2,3.667.984,15
51,51,TM-00051,2,4.340.127,0
52,151,TM-00151,3,"$1,375,195",5
52,214,TM-00214,1,$ 912.386,5
52,110,TM-00110,3,882.431,0
52,65,TM-00065,2,"$4.738.605,55",15
53,213,TM-00213,1,"$4.501.035,81",0
54,46,TM-00046,2,$3.998.434,5
54,97,TM-00097,2,"2,618,642",15
54,113,TM-00113,3,"$2.421.613,38",10
54,52,TM-00052,2,"$3,707,915",5
55,75,TM-00075,1,$ 3.441.654,0
56,78,TM-00078,1,$ 2.796.033,5
57,127,TM-00127,1,$3.758.108,0
57,148,TM-00148,3,"1,518,588",0
57,188,TM-00188,2,3.189.864,15
58,113,TM-00113,2,"$2.421.613,60",10
58,139,TM-00139,2,"$1,325,951",10
58,148,TM-00148,2,$ 1.518.588,0
58,179,TM-00179,3,"583,163",10
59,154,TM-00154,2,"3,370,259",10
59,49,TM-00049,1,$ 281.530,0
59,203,TM-00203,2,4.470.243,0
60,30,TM-00030,2,$2.685.565,0
60,111,TM-00111,2,"2,062,134",10
61,144,TM-00144,1,$ 2.019.395,10
61,165,TM-00165,2,$ 1.906.962,0
62,139,TM-00139,1,"1,325,951",0
62,167,TM-00167,1,"1,024,089",5
62,98,TM-00098,3,$3.619.384,0
62,46,TM-00046,3,$ 3.998.434,10
63,160,TM-00160,1,$2.205.621,0
63,71,TM-00071,1,$ 3.537.767,0
64,168,TM-00168,1,$ 3.162.270,0
64,156,TM-00156,1,"1,644,942",10
64,146,TM-00146,1,435.800,0
65,136,TM-00136,1,"$2.945.109,87",0
65,21,TM-00021,1,"173,797",5
66,219,TM-00219,3,365.472,0
66,11,TM-00011,2,$ 4.391.740,0
66,102,TM-00102,1,2.535.095,0
66,154,TM-00154,2,"$3.370.259,79",5
67,102,TM-00102,1,$ 2.535.095,15
68,176,TM-00176,3,4.581.655,0
68,207,TM-00207,3,"3,020,969",15
68,17,TM-00017,1,3.498.575,5
68,42,TM-00042,2,$2.635.858,15
69,213,TM-00213,2,$ 4.501.035,5
70,191,TM-00191,1,"$3,597,851",15
71,210,TM-00210,1,$ 3.909.572,0
71,46,TM-00046,1,$ 3.998.434,10
71,26,TM-00026,3,4.268.214,5
71,209,TM-00209,3,$3.553.870,10
72,106,TM-00106,3,"598,140",0
72,11,TM-00011,1,"4,391,740",0
72,1,TM-00001,3,"$3,976,287",0
73,41,TM-00041,2,352.225,15
73,176,TM-00176,1,"4,581,655",0
73,158,TM-00158,3,$ 806.093,5
74,161,TM-00161,3,"$3.978.648,43",15
74,6,TM-00006,2,"$2,769,218",0
74,5,TM-00005,3,"1,332,108",0
75,207,TM-00207,1,"$3.020.969,74",10
75,156,TM-00156,1,$ 1.644.942,5
76,100,TM-00100,-3,$ 1.052.897,0
76,144,TM-00144,1,$2.019.395,10
76,59,TM-00059,2,"2,430,572",10
76,22,TM-00022,1,1.843.042,0
77,89,TM-00089,3,$ 3.703.130,0
77,167,TM-00167,2,$ 1.024.089,5
78,113,TM-00113,1,$2.421.613,0
78,191,TM-00191,1,3.597.851,0
79,83,TM-00083,1,1.010.771,0
79,118,TM-00118,1,384.376,10
79,99,TM-00099,3,$2.622.140,0
80,34,TM-00034,2,$ 2.587.697,10
81,17,TM-00017,2,"$3,498,575",0
82,137,TM-00137,1,"$1.632.530,81",10
82,121,TM-00121,3,$ 1.572.441,0
83,208,TM-00208,3,"3,906,698",5
83,13,TM-00013,3,$645.533,15
83,203,TM-00203,2,4.470.243,0
84,140,TM-00140,2,"$891,919",0
84,11,TM-00011,3,$4.391.740,0
84,191,TM-00191,2,$3.597.851,5
84,1,TM-00001,3,"$3,976,287",5
85,25,TM-00025,2,"561,349",5
85,73,TM-00073,2,"$3,565,005",0
85,97,TM-00097,3,"2,618,642",0
86,122,TM-00122,2,$3.992.732,0
86,60,TM-00060,3,"1,934,422",0
87,26,TM-00026,2,"4,268,214",0
87,70,TM-00070,3,1.844.766,0
88,31,TM-00031,3,$ 2.702.286,0
89,138,TM-00138,3,$ 416.140,15
90,75,TM-00075,2,$3.441.654,0
90,117,TM-00117,1,$2.333.766,15
90,210,TM-00210,3,$ 3.909.572,10
90,157,TM-00157,1,"$380,700",15
91,207,TM-00207,2,3.020.969,10
91,4,TM-00004,3,$ 942.638,0
92,95,TM-00095,1,3.459.366,5
93,203,TM-00203,3,4.470.243,5
94,95,TM-00095,2,$ 3.459.366,10
94,14,TM-00014,1,$644.394,5
95,82,TM-00082,1,"$4,780,919",15
96,187,TM-00187,2,$3.539.574,0
97,73,TM-00073,1,$ 3.565.005,15
97,129,TM-00129,1,$ 1.378.572,0
97,171,TM-00171,3,$ 3.058.774,0
98,211,TM-00211,2,$ 3.704.719,0
98,84,TM-00084,2,"$4,880,133",0
98,167,TM-00167,3,"$1.024.089,05",10
98,190,TM-00190,1,4.760.928,0
99,75,TM-00075,2,"3,441,654",10
100,65,TM-00065,1,4.738.605,5
100,5,TM-00005,3,"$1.332.108,69",0
100,114,TM-00114,1,$ 4.997.513,5
101,78,TM-00078,2,"$2,796,033",10
101,31,TM-00031,3,$ 2.702.286,0
102,61,TM-00061,1,$ 660.927,0
103,43,TM-00043,3,"$3.016.871,60",0
103,196,TM-00196,2,2.994.597,15
103,9,TM-00009,2,"$1.435.185,13",0
104,155,TM-00155,1,$ 4.216.850,0
104,169,TM-00169,2,880.653,5
104,69,TM-00069,3,"4,581,125",0
105,82,TM-00082,3,"$4,780,919",0
105,190,TM-00190,2,$4.760.928,10
105,123,TM-00123,1,"$2,816,593",0
106,137,TM-00137,2,"1,632,530",0
106,91,TM-00091,3,2.109.362,10
107,200,TM-00200,2,$467.438,0
107,112,TM-00112,3,$3.829.098,0
108,102,TM-00102,1,$2.535.095,0
108,9,TM-00009,1,"$1,435,185",0
109,90,TM-00090,1,$4.105.871,15
109,171,TM-00171,2,"$3.058.774,44",0
109,114,TM-00114,3,"$4.997.513,49",10
110,40,TM-00040,1,"$131.115,51",0
110,195,TM-00195,1,$2.293.514,5
111,9,TM-00009,1,$ 1.435.185,5
112,90,TM-00090,1,$ 4.105.871,10
112,167,TM-00167,3,1.024.089,5
112,130,TM-00130,3,"$1.934.925,26",0
112,203,TM-00203,2,$4.470.243,10
113,167,TM-00167,3,1.024.089,10
113,195,TM-00195,2,"2,293,514",15
114,162,TM-00162,2,3.118.343,5
114,156,TM-00156,2,$1.644.942,0
114,53,TM-00053,2,$ 3.667.984,0
115,208,TM-00208,1,3.906.698,15
115,51,TM-00051,3,$ 4.340.127,0
115,60,TM-00060,1,"$1,934,422",10
115,196,TM-00196,3,"2,994,597",10
116,99,TM-00099,2,$ 2.622.140,0
116,196,TM-00196,2,"$2.994.597,37",0
117,137,TM-00137,3,"1,632,530",15
118,158,TM-00158,3,"806,093",15
118,14,TM-00014,1,$ 644.394,0
118,75,TM-00075,1,$3.441.654,0
119,175,TM-00175,1,$ 1.287.774,0
119,60,TM-00060,1,"1,934,422",0
120,64,TM-00064,3,"$4.725.858,02",5
121,34,TM-00034,1,"$2.587.697,15",10
122,148,TM-00148,1,$ 1.518.588,0
123,109,TM-00109,1,"2,544,378",15
123,114,TM-00114,2,"$4,997,513",10
124,45,TM-00045,2,"2,131,777",0
125,64,TM-00064,2,"$4.725.858,04",0
125,12,TM-00012,1,$226.448,15
125,79,TM-00079,2,$3.586.342,0
126,87,TM-00087,2,"$4.294.306,96",15
127,30,TM-00030,1,"$2,685,565",10
127,112,TM-00112,3,"3,829,098",5
127,36,TM-00036,3,1.353.991,15
128,44,TM-00044,1,"$1.413.163,15",0
128,145,TM-00145,1,$875.800,0
128,132,TM-00132,2,"$2,094,563",15
129,73,TM-00073,1,3.565.005,15
129,151,TM-00151,1,1.375.195,15
130,161,TM-00161,1,3.978.648,15
131,152,TM-00152,2,2.147.975,0
131,76,TM-00076,3,"$4,530,553",5
132,140,TM-00140,2,$ 891.919,5
132,106,TM-00106,3,$ 598.140,0
132,158,TM-00158,3,$806.093,0
133,6,TM-00006,1,"2,769,218",0
134,44,TM-00044,1,"1,413,163",10
134,191,TM-00191,1,3.597.851,0
134,126,TM-00126,3,"$3.516.571,43",0
134,60,TM-00060,3,"1,934,422",0
135,11,TM-00011,1,$ 4.391.740,10
135,185,TM-00185,2,"3,658,773",0
135,127,TM-00127,1,3.758.108,0
136,48,TM-00048,1,"$2,391,470",0
136,59,TM-00059,2,2.430.572,15
137,210,TM-00210,1,$3.909.572,15
137,198,TM-00198,1,"3,205,747",5
138,38,TM-00038,2,"$3,603,211",5
139,85,TM-00085,1,"$2,087,168",0
139,204,TM-00204,2,$509.544,0
139,153,TM-00153,3,2.039.825,0
140,33,TM-00033,1,627.063,10
141,14,TM-00014,1,$ 644.394,0
141,58,TM-00058,2,$ 3.755.969,10
142,196,TM-00196,2,"2,994,597",0
143,77,TM-00077,2,"3,645,464",0
143,181,TM-00181,1,"$3,892,339",15
143,67,TM-00067,3,2.224.256,10
144,124,TM-00124,2,"357,837",0
145,120,TM-00120,2,"$387,487",5
145,170,TM-00170,1,"$3,769,366",15
145,94,TM-00094,3,"$2,367,508",0
146,210,TM-00210,2,$3.909.572,0
146,158,TM-00158,2,$ 806.093,0
146,166,TM-00166,3,$3.475.033,10
146,94,TM-00094,1,2.367.508,10
147,200,TM-00200,2,"$467,438",10
147,140,TM-00140,2,"$891,919",0
147,132,TM-00132,3,"$2.094.563,82",0
147,197,TM-00197,3,"$1.240.130,37",0
148,102,TM-00102,2,"2,535,095",10
148,5,TM-00005,2,$1.332.108,10
148,169,TM-00169,3,880.653,0
148,40,TM-00040,1,"131,115",15
149,86,TM-00086,2,394.512,0
150,193,TM-00193,2,"957,801",15
150,1,TM-00001,3,"3,976,287",0
150,99,TM-00099,1,2.622.140,0
151,7,TM-00007,3,$ 2.058.671,10
151,122,TM-00122,2,3.992.732,0
151,62,TM-00062,1,"$4.197.136,41",15
151,172,TM-00172,2,819.012,0
152,21,TM-00021,3,$ 173.797,10
153,126,TM-00126,3,"$3,516,571",10
154,94,TM-00094,3,$ 2.367.508,0
154,97,TM-00097,3,"2,618,642",5
154,220,TM-00220,2,4.303.593,5
154,45,TM-00045,2,"$2,131,777",10
155,146,TM-00146,1,$435.800,0
155,110,TM-00110,3,"$882,431",0
155,163,TM-00163,1,$ 3.865.021,0
155,99,TM-00099,1,"$2,622,140",15
156,219,TM-00219,3,365.472,5
156,208,TM-00208,2,$3.906.698,15
157,163,TM-00163,2,"3,865,021",0
157,67,TM-00067,1,$2.224.256,5
157,189,TM-00189,3,"$3,672,842",0
157,41,TM-00041,3,352.225,5
158,181,TM-00181,1,3.892.339,10
159,143,TM-00143,3,"$2.706.346,44",15
159,53,TM-00053,3,"$3,667,984",0
160,87,TM-00087,3,$4.294.306,15
160,175,TM-00175,3,"$1,287,774",15
160,103,TM-00103,1,"$1.111.854,76",15
160,86,TM-00086,3,$394.512,10
161,82,TM-00082,3,$4.780.919,5
161,143,TM-00143,3,"$2.706.346,31",15
161,114,TM-00114,2,"4,997,513",5
161,63,TM-00063,2,"$3,616,384",0
162,190,TM-00190,1,"$4.760.928,23",15
162,70,TM-00070,2,$1.844.766,10
162,81,TM-00081,1,$1.722.358,10
163,14,TM-00014,2,"$644.394,99",0
164,214,TM-00214,3,"912,386",15
164,90,TM-00090,1,"$4,105,871",15
165,131,TM-00131,3,"$2.498.312,18",0
165,87,TM-00087,2,"$4.294.306,59",0
166,119,TM-00119,3,"1,970,357",15
166,36,TM-00036,1,"$1,353,991",0
166,208,TM-00208,3,"3,906,698",15
166,53,TM-00053,2,3.667.984,0
167,78,TM-00078,2,$ 2.796.033,15
167,126,TM-00126,3,"$3.516.571,69",0
167,219,TM-00219,2,"$365.472,31",15
168,32,TM-00032,2,$ 664.555,5
168,184,TM-00184,3,2.777.853,0
168,167,TM-00167,3,$ 1.024.089,15
169,53,TM-00053,2,3.667.984,0
169,182,TM-00182,1,"$955.649,86",0
169,92,TM-00092,3,3.229.192,10
170,90,TM-00090,3,$ 4.105.871,15
170,50,TM-00050,1,959.346,0
170,166,TM-00166,3,"$3,475,033",0
171,212,TM-00212,2,"$2,898,043",0
171,182,TM-00182,3,$ 955.649,0
171,200,TM-00200,2,"$467.438,39",0
171,48,TM-00048,1,"$2,391,470",0
172,81,TM-00081,3,"$1.722.358,44",0
173,16,TM-00016,1,"$1,647,274",15
173,207,TM-00207,1,"$3.020.969,40",0
174,155,TM-00155,2,$4.216.850,0
174,64,TM-00064,1,"4,725,858",0
174,120,TM-00120,1,$387.487,5
175,174,TM-00174,1,$ 625.543,5
175,86,TM-00086,1,394.512,10
175,126,TM-00126,2,"3,516,571",0
175,15,TM-00015,3,4.573.422,5
176,182,TM-00182,1,$ 955.649,0
176,80,TM-00080,1,$2.985.680,0
176,179,TM-00179,3,"583,163",15
177,72,TM-00072,3,$4.879.240,5
178,50,TM-00050,2,$959.346,5
178,100,TM-00100,2,1.052.897,15
178,43,TM-00043,1,$3.016.871,10
178,54,TM-00054,1,$ 4.304.051,0
179,161,TM-00161,2,"$3.978.648,06",0
179,133,TM-00133,3,4.313.433,15
179,64,TM-00064,1,4.725.858,0
180,103,TM-00103,3,$ 1.111.854,0
180,191,TM-00191,2,$3.597.851,15
181,41,TM-00041,1,352.225,15
181,120,TM-00120,2,"387,487",15
181,147,TM-00147,1,"1,271,127",0
181,176,TM-00176,1,4.581.655,0
182,197,TM-00197,3,1.240.130,5
182,139,TM-00139,1,"1,325,951",0
182,32,TM-00032,2,"$664,555",0
182,70,TM-00070,2,1.844.766,15
183,154,TM-00154,3,"$3.370.259,27",10
183,189,TM-00189,1,3.672.842,15
183,184,TM-00184,3,"$2,777,853",0
183,197,TM-00197,1,1.240.130,0
184,216,TM-00216,3,"3,815,690",15
184,184,TM-00184,1,$ 2.777.853,0
185,116,TM-00116,3,"$4.824.854,95",0
185,208,TM-00208,1,"$3.906.698,37",0
186,68,TM-00068,1,$3.739.918,15
186,168,TM-00168,3,"3,162,270",10
186,133,TM-00133,1,$4.313.433,0
187,216,TM-00216,1,3.815.690,15
187,110,TM-00110,2,$ 882.431,10
187,14,TM-00014,1,644.394,5
187,114,TM-00114,1,"$4.997.513,73",10
188,159,TM-00159,1,"1,158,636",5
188,144,TM-00144,1,"$2,019,395",0
189,120,TM-00120,3,387.487,0
189,219,TM-00219,1,365.472,0
189,133,TM-00133,3,$ 4.313.433,0
189,169,TM-00169,3,"$880,653",5
190,59,TM-00059,3,$2.430.572,0
190,105,TM-00105,3,3.744.920,0
190,71,TM-00071,2,"$3,537,767",5
190,119,TM-00119,1,"1,970,357",10
191,126,TM-00126,2,$ 3.516.571,15
191,193,TM-00193,3,$ 957.801,0
192,1,TM-00001,1,$3.976.287,0
192,4,TM-00004,3,"$942,638",0
192,129,TM-00129,1,"$1,378,572",15
192,17,TM-00017,2,$3.498.575,0
193,211,TM-00211,3,$ 3.704.719,0
194,92,TM-00092,1,"$3,229,192",15
195,87,TM-00087,2,"4,294,306",0
196,177,TM-00177,3,$174.657,5
196,207,TM-00207,1,$3.020.969,5
196,147,TM-00147,1,"$1.271.127,25",0
196,154,TM-00154,3,"$3,370,259",5
197,187,TM-00187,1,"$3.539.574,66",0
197,98,TM-00098,1,$ 3.619.384,0
197,30,TM-00030,3,"$2,685,565",10
198,193,TM-00193,2,"957,801",0
198,157,TM-00157,2,$380.700,10
199,140,TM-00140,3,$ 891.919,5
199,24,TM-00024,2,"1,348,529",0
200,99,TM-00099,3,$ 2.622.140,0
200,146,TM-00146,2,$ 435.800,0
201,64,TM-00064,2,"$4,725,858",0
201,144,TM-00144,1,$ 2.019.395,10
201,202,TM-00202,1,$2.945.519,15
201,166,TM-00166,3,3.475.033,5
202,118,TM-00118,3,"$384,376",0
202,186,TM-00186,1,"3,657,688",15
202,156,TM-00156,2,$ 1.644.942,10
202,74,TM-00074,3,"1,890,642",10
203,31,TM-00031,2,"$2,702,286",15
203,7,TM-00007,2,$2.058.671,15
204,42,TM-00042,2,2.635.858,5
205,16,TM-00016,3,$ 1.647.274,15
206,80,TM-00080,2,"2,985,680",0
206,91,TM-00091,3,"$2,109,362",10
206,111,TM-00111,3,2.062.134,0
207,181,TM-00181,3,"$3.892.339,08",0
207,161,TM-00161,2,3.978.648,0
208,76,TM-00076,2,"$4,530,553",10
208,126,TM-00126,3,$3.516.571,0
208,35,TM-00035,2,"918,946",15
208,132,TM-00132,3,"$2.094.563,39",15
209,3,TM-00003,2,"3,856,110",0
209,89,TM-00089,1,3.703.130,5
210,133,TM-00133,1,"$4.313.433,27",0
210,155,TM-00155,3,4.216.850,15
210,66,TM-00066,1,"$4.645.883,28",0
210,116,TM-00116,2,"4,824,854",15
211,103,TM-00103,1,$ 1.111.854,0
211,52,TM-00052,1,$3.707.915,0
211,19,TM-00019,3,$4.548.690,15
212,112,TM-00112,2,$ 3.829.098,0
212,15,TM-00015,3,$ 4.573.422,0
212,78,TM-00078,2,$2.796.033,0
212,199,TM-00199,2,2.771.120,0
213,103,TM-00103,2,"1,111,854",0
213,72,TM-00072,3,"$4.879.240,61",0
213,180,TM-00180,3,"$3,841,696",10
214,112,TM-00112,1,3.829.098,0
214,177,TM-00177,1,174.657,0
215,205,TM-00205,3,"2,478,058",0
216,178,TM-00178,1,"2,276,064",0
216,35,TM-00035,2,$918.946,5
216,49,TM-00049,1,"$281.530,61",5
217,127,TM-00127,2,"3,758,108",0
217,126,TM-00126,3,"$3.516.571,48",15
217,117,TM-00117,1,"$2,333,766",10
218,18,TM-00018,2,$ 3.427.432,0
219,143,TM-00143,3,"2,706,346",10
219,69,TM-00069,1,$ 4.581.125,0
220,16,TM-00016,1,$1.647.274,5
220,199,TM-00199,2,2.771.120,10
220,133,TM-00133,3,"$4,313,433",10
220,206,TM-00206,1,"$1,133,688",15
221,168,TM-00168,1,"3,162,270",0
221,15,TM-00015,2,"$4,573,422",0
221,29,TM-00029,2,$ 737.726,5
222,111,TM-00111,2,$ 2.062.134,0
222,38,TM-00038,3,$ 3.603.211,5
222,6,TM-00006,3,2.769.218,5
222,184,TM-00184,1,"2,777,853",10
223,138,TM-00138,3,"$416.140,55",5
224,195,TM-00195,3,2.293.514,10
224,54,TM-00054,1,4.304.051,0
224,31,TM-00031,1,$2.702.286,5
224,197,TM-00197,2,$ 1.240.130,10
225,86,TM-00086,1,$ 394.512,0
225,171,TM-00171,1,$ 3.058.774,0
225,38,TM-00038,2,$ 3.603.211,0
225,44,TM-00044,3,$1.413.163,15
226,207,TM-00207,1,"$3.020.969,04",0
227,122,TM-00122,3,$3.992.732,0
227,173,TM-00173,2,$474.283,10
227,120,TM-00120,3,$ 387.487,10
227,20,TM-00020,1,$ 2.145.528,0
228,34,TM-00034,1,$ 2.587.697,0
228,41,TM-00041,2,352.225,0
228,75,TM-00075,2,"3,441,654",15
229,101,TM-00101,3,"$4,111,752",0
229,88,TM-00088,1,$ 935.324,10
230,103,TM-00103,3,$1.111.854,15
230,156,TM-00156,3,$ 1.644.942,0
230,47,TM-00047,1,"$1,920,018",10
231,94,TM-00094,2,"$2.367.508,90",0
231,103,TM-00103,1,1.111.854,0
231,50,TM-00050,1,"$959,346",0
231,195,TM-00195,3,$2.293.514,0
232,144,TM-00144,1,"$2.019.395,10",5
232,141,TM-00141,2,$ 1.259.263,0
233,44,TM-00044,1,$ 1.413.163,15
233,81,TM-00081,2,"1,722,358",0
233,144,TM-00144,3,"$2.019.395,66",0
234,90,TM-00090,1,4.105.871,5
234,219,TM-00219,3,365.472,0
235,149,TM-00149,3,"$4,941,876",10
236,144,TM-00144,3,"$2.019.395,37",0
236,191,TM-00191,1,"3,597,851",0
236,99,TM-00099,3,2.622.140,0
237,60,TM-00060,3,"$1.934.422,65",0
237,171,TM-00171,2,$ 3.058.774,0
237,46,TM-00046,3,3.998.434,15
238,103,TM-00103,3,$ 1.111.854,0
238,43,TM-00043,2,"$3.016.871,78",0
239,215,TM-00215,3,"$682.109,58",10
239,217,TM-00217,1,$ 622.826,5
239,48,TM-00048,3,2.391.470,0
240,129,TM-00129,2,"1,378,572",0
241,139,TM-00139,1,"$1,325,951",0
242,102,TM-00102,1,$ 2.535.095,10
242,136,TM-00136,2,2.945.109,0
242,2,TM-00002,2,"4,554,433",0
242,88,TM-00088,1,935.324,5
243,27,TM-00027,2,"$624.798,90",10
243,145,TM-00145,3,$ 875.800,15
243,141,TM-00141,1,1.259.263,0
243,14,TM-00014,1,$ 644.394,5
244,90,TM-00090,3,"$4,105,871",5
244,88,TM-00088,1,$ 935.324,0
245,16,TM-00016,3,"$1.647.274,14",5
245,57,TM-00057,2,$ 2.456.806,5
245,103,TM-00103,3,$1.111.854,10
246,216,TM-00216,2,"$3,815,690",5
246,188,TM-00188,1,"$3,189,864",15
246,168,TM-00168,1,$3.162.270,0
247,199,TM-00199,1,"2,771,120",0
247,97,TM-00097,3,"$2.618.642,74",10
247,56,TM-00056,1,"4,824,000",0
248,84,TM-00084,3,"$4.880.133,68",0
248,163,TM-00163,3,$ 3.865.021,0
248,37,TM-00037,3,"$2.264.457,84",10
248,155,TM-00155,1,"$4.216.850,09",0
249,59,TM-00059,1,"$2,430,572",0
249,67,TM-00067,1,2.224.256,10
249,154,TM-00154,3,$ 3.370.259,0
249,207,TM-00207,3,$ 3.020.969,0
250,21,TM-00021,3,"$173,797",10
250,164,TM-00164,3,"$2.011.440,77",10
250,65,TM-00065,3,"4,738,605",5
250,131,TM-00131,2,$2.498.312,10
251,91,TM-00091,2,"2,109,362",0
251,26,TM-00026,1,$4.268.214,0
251,139,TM-00139,3,1.325.951,0
252,125,TM-00125,1,$ 3.440.466,5
252,5,TM-00005,2,$ 1.332.108,0
252,65,TM-00065,2,4.738.605,0
252,146,TM-00146,1,435.800,15
253,34,TM-00034,1,2.587.697,0
253,136,TM-00136,1,$2.945.109,0
253,82,TM-00082,3,4.780.919,0
254,84,TM-00084,3,"$4,880,133",5
255,3,TM-00003,2,"3,856,110",0
256,144,TM-00144,3,"2,019,395",0
256,44,TM-00044,2,"$1,413,163",5
257,37,TM-00037,1,$ 2.264.457,0
257,31,TM-00031,3,"2,702,286",5
257,182,TM-00182,1,$ 955.649,10
258,13,TM-00013,1,$645.533,0
258,163,TM-00163,1,$3.865.021,15
258,132,TM-00132,2,"$2,094,563",10
258,55,TM-00055,2,"$1.117.767,27",5
259,199,TM-00199,3,"$2.771.120,03",10
259,169,TM-00169,1,"$880,653",0
259,30,TM-00030,3,$ 2.685.565,15
259,200,TM-00200,3,$ 467.438,0
260,16,TM-00016,3,1.647.274,10
260,176,TM-00176,3,"4,581,655",5
260,64,TM-00064,3,$ 4.725.858,15
261,218,TM-00218,2,$521.205,5
261,83,TM-00083,2,$1.010.771,0
261,180,TM-00180,3,$ 3.841.696,0
262,193,TM-00193,2,"$957,801",0
262,151,TM-00151,1,$ 1.375.195,0
263,161,TM-00161,2,"3,978,648",15
263,220,TM-00220,1,$ 4.303.593,0
263,112,TM-00112,1,$3.829.098,0
263,119,TM-00119,1,1.970.357,0
264,173,TM-00173,1,474.283,0
265,125,TM-00125,3,$ 3.440.466,0
265,184,TM-00184,1,$2.777.853,0
265,51,TM-00051,3,$4.340.127,15
265,2,TM-00002,3,"$4.554.433,79",0
266,195,TM-00195,2,"$2.293.514,92",0
267,108,TM-00108,1,$ 3.541.120,0
267,38,TM-00038,2,"$3.603.211,21",5
268,45,TM-00045,2,$2.131.777,15
268,207,TM-00207,1,"3,020,969",0
268,128,TM-00128,1,"3,725,184",0
268,3,TM-00003,2,$ 3.856.110,15
269,212,TM-00212,3,$2.898.043,15
270,111,TM-00111,3,2.062.134,0
271,71,TM-00071,1,3.537.767,0
272,47,TM-00047,2,"$1,920,018",0
273,187,TM-00187,1,$ 3.539.574,15
274,28,TM-00028,2,"1,055,681",15
274,7,TM-00007,1,"2,058,671",0
274,122,TM-00122,3,$ 3.992.732,15
275,40,TM-00040,3,"$131,115",0
275,189,TM-00189,1,"$3,672,842",0
275,79,TM-00079,1,3.586.342,10
276,76,TM-00076,2,$4.530.553,0
276,105,TM-00105,3,"$3.744.920,84",10
277,189,TM-00189,3,3.672.842,0
277,91,TM-00091,1,"$2.109.362,64",0
277,69,TM-00069,3,$ 4.581.125,15
277,171,TM-00171,3,$3.058.774,15
278,49,TM-00049,3,"$281.530,59",5
278,73,TM-00073,3,"$3.565.005,01",0
278,4,TM-00004,1,"$942.638,40",0
278,51,TM-00051,2,"$4,340,127",0
279,38,TM-00038,1,"$3,603,211",15
280,64,TM-00064,1,"$4.725.858,50",10
280,185,TM-00185,1,$3.658.773,0
280,192,TM-00192,3,"$919.064,95",15
280,215,TM-00215,1,$682.109,5
281,77,TM-00077,1,$3.645.464,0
281,29,TM-00029,3,$ 737.726,15
281,39,TM-00039,3,"$1,405,447",5
281,204,TM-00204,1,$ 509.544,0
282,111,TM-00111,3,$2.062.134,10
282,104,TM-00104,2,$4.167.788,0
282,147,TM-00147,1,"$1,271,127",10
282,85,TM-00085,1,$ 2.087.168,0
283,115,TM-00115,1,"$1,299,813",0
284,108,TM-00108,3,$ 3.541.120,0
285,61,TM-00061,2,"660,927",15
286,94,TM-00094,2,2.367.508,15
286,87,TM-00087,2,"$4,294,306",5
286,219,TM-00219,2,"$365.472,40",0
286,20,TM-00020,3,2.145.528,0
287,22,TM-00022,3,$1.843.042,15
287,151,TM-00151,3,"$1,375,195",5
288,182,TM-00182,1,"$955.649,54",15
288,88,TM-00088,2,$935.324,5
288,148,TM-00148,1,$ 1.518.588,5
289,98,TM-00098,3,$3.619.384,0
290,54,TM-00054,3,"$4.304.051,67",15
290,69,TM-00069,3,4.581.125,0
290,167,TM-00167,3,$ 1.024.089,0
291,205,TM-00205,1,$2.478.058,0
291,35,TM-00035,3,$ 918.946,15
291,108,TM-00108,1,"$3.541.120,15",5
292,185,TM-00185,3,$3.658.773,0
292,34,TM-00034,3,2.587.697,15
292,136,TM-00136,1,2.945.109,0
292,219,TM-00219,1,$365.472,15
293,211,TM-00211,1,"$3,704,719",15
293,141,TM-00141,2,1.259.263,0
294,141,TM-00141,1,"$1,259,263",0
294,82,TM-00082,1,"$4.780.919,59",0
294,123,TM-00123,2,"$2,816,593",5
294,159,TM-00159,2,"1,158,636",15
295,174,TM-00174,2,$625.543,15
295,19,TM-00019,1,4.548.690,0
296,106,TM-00106,1,"$598.140,67",5
296,102,TM-00102,2,"2,535,095",10
296,85,TM-00085,1,"$2,087,168",5
296,168,TM-00168,3,"3,162,270",5
297,63,TM-00063,3,"3,616,384",15
297,108,TM-00108,3,"$3,541,120",10
297,209,TM-00209,1,"3,553,870",0
297,62,TM-00062,2,$4.197.136,5
298,204,TM-00204,3,"$509,544",5
298,105,TM-00105,2,"$3.744.920,44",10
299,132,TM-00132,2,$ 2.094.563,0
299,82,TM-00082,2,"$4.780.919,76",15
299,219,TM-00219,3,"365,472",10
299,48,TM-00048,2,$ 2.391.470,0
300,146,TM-00146,2,"$435,800",0
300,51,TM-00051,1,"$4,340,127",5
301,44,TM-00044,1,1.413.163,0
301,195,TM-00195,1,"$2,293,514",0
301,179,TM-00179,3,$ 583.163,10
302,154,TM-00154,1,$3.370.259,15
303,214,TM-00214,2,"$912.386,00",10
303,72,TM-00072,3,"$4.879.240,42",0
303,147,TM-00147,3,$ 1.271.127,15
303,153,TM-00153,3,2.039.825,15
304,114,TM-00114,3,"4,997,513",0
305,24,TM-00024,1,$1.348.529,0
305,88,TM-00088,2,935.324,0
306,68,TM-00068,2,"$3.739.918,37",0
306,52,TM-00052,2,"3,707,915",10
306,54,TM-00054,1,"$4.304.051,31",0
306,198,TM-00198,2,$3.205.747,10
307,50,TM-00050,2,"$959.346,42",15
307,61,TM-00061,3,"660,927",10
307,183,TM-00183,3,"1,294,314",10
307,159,TM-00159,2,"$1,158,636",0
308,72,TM-00072,3,$ 4.879.240,0
308,115,TM-00115,3,"1,299,813",0
309,149,TM-00149,2,$ 4.941.876,10
310,118,TM-00118,2,"$384,376",0
310,127,TM-00127,2,3.758.108,0
311,168,TM-00168,2,3.162.270,15
311,68,TM-00068,3,$3.739.918,5
312,146,TM-00146,2,$435.800,15
312,126,TM-00126,3,"3,516,571",0
313,162,TM-00162,2,3.118.343,5
314,156,TM-00156,2,"$1,644,942",15
314,89,TM-00089,1,"3,703,130",0
314,177,TM-00177,3,"$174.657,78",0
315,47,TM-00047,2,$1.920.018,0
315,109,TM-00109,2,"$2.544.378,17",0
316,48,TM-00048,3,$ 2.391.470,0
317,26,TM-00026,3,"$4,268,214",0
318,198,TM-00198,3,"3,205,747",5
318,112,TM-00112,3,"3,829,098",0
318,164,TM-00164,1,"$2,011,440",15
318,151,TM-00151,2,"1,375,195",0
319,130,TM-00130,2,$1.934.925,0
319,166,TM-00166,3,"$3,475,033",0
319,65,TM-00065,1,$ 4.738.605,0
319,184,TM-00184,2,$ 2.777.853,15
320,145,TM-00145,1,"875,800",5
320,36,TM-00036,2,"$1.353.991,48",5
321,13,TM-00013,1,"645,533",0
322,130,TM-00130,3,$1.934.925,15
323,115,TM-00115,3,1.299.813,15
323,80,TM-00080,2,"$2,985,680",0
323,142,TM-00142,1,3.384.331,0
324,184,TM-00184,3,"$2,777,853",0
324,183,TM-00183,3,$ 1.294.314,5
324,210,TM-00210,1,$3.909.572,0
324,109,TM-00109,1,"2,544,378",0
325,190,TM-00190,1,4.760.928,0
325,192,TM-00192,3,919.064,10
325,178,TM-00178,2,$2.276.064,10
326,98,TM-00098,1,"$3.619.384,87",0
326,197,TM-00197,3,"1,240,130",5
326,131,TM-00131,3,$2.498.312,0
327,48,TM-00048,2,$2.391.470,0
328,23,TM-00023,2,$2.274.684,0
328,44,TM-00044,2,$ 1.413.163,15
329,164,TM-00164,2,"$2.011.440,59",5
329,136,TM-00136,1,2.945.109,0
330,152,TM-00152,2,"$2.147.975,26",0
330,125,TM-00125,2,3.440.466,15
331,218,TM-00218,3,$ 521.205,5
331,118,TM-00118,3,"$384.376,38",5
331,204,TM-00204,1,"509,544",0
331,103,TM-00103,3,1.111.854,0
332,151,TM-00151,2,$1.375.195,5
332,16,TM-00016,1,1.647.274,15
333,122,TM-00122,1,$3.992.732,0
334,208,TM-00208,2,$3.906.698,0
334,89,TM-00089,2,"$3,703,130",0
334,38,TM-00038,1,"$3.603.211,71",0
335,25,TM-00025,3,$ 561.349,5
335,102,TM-00102,1,$2.535.095,0
336,73,TM-00073,3,"$3,565,005",5
336,39,TM-00039,2,"1,405,447",5
336,69,TM-00069,2,"$4,581,125",15
337,6,TM-00006,3,$2.769.218,0
337,31,TM-00031,1,2.702.286,10
338,46,TM-00046,3,"$3,998,434",5
339,187,TM-00187,3,"3,539,574",10
340,180,TM-00180,1,"3,841,696",15
341,64,TM-00064,1,"$4,725,858",10
341,53,TM-00053,3,"3,667,984",0
341,34,TM-00034,2,"$2,587,697",10
341,85,TM-00085,1,$ 2.087.168,5
342,132,TM-00132,2,$2.094.563,0
342,104,TM-00104,1,4.167.788,0
342,72,TM-00072,3,"$4.879.240,33",0
342,219,TM-00219,2,"$365.472,34",0
343,173,TM-00173,3,"474,283",0
344,213,TM-00213,2,$4.501.035,0
344,121,TM-00121,2,$ 1.572.441,0
344,200,TM-00200,1,$ 467.438,0
344,157,TM-00157,1,"$380,700",10
345,19,TM-00019,1,$ 4.548.690,0
345,92,TM-00092,2,3.229.192,10
345,67,TM-00067,2,"$2,224,256",0
346,97,TM-00097,1,$2.618.642,10
347,25,TM-00025,1,$ 561.349,0
347,101,TM-00101,3,"4,111,752",0
348,65,TM-00065,3,$ 4.738.605,0
348,156,TM-00156,3,$1.644.942,0
348,123,TM-00123,1,"2,816,593",0
348,209,TM-00209,2,"3,553,870",0
349,183,TM-00183,1,"1,294,314",0
349,173,TM-00173,3,474.283,10
349,145,TM-00145,3,"$875.800,96",0
350,115,TM-00115,2,"$1.299.813,77",0
350,47,TM-00047,3,"$1.920.018,88",10
350,110,TM-00110,2,$882.431,15
351,60,TM-00060,2,$ 1.934.422,10
351,180,TM-00180,2,"$3,841,696",0
352,55,TM-00055,3,"$1,117,767",15
352,139,TM-00139,3,$ 1.325.951,5
352,34,TM-00034,2,$ 2.587.697,10
352,120,TM-00120,1,387.487,15
353,206,TM-00206,2,$ 1.133.688,5
354,53,TM-00053,2,$ 3.667.984,0
355,201,TM-00201,1,"3,758,135",10
355,38,TM-00038,3,3.603.211,0
356,177,TM-00177,1,174.657,0
356,135,TM-00135,3,4.914.749,5
357,119,TM-00119,1,$1.970.357,10
357,144,TM-00144,1,"$2.019.395,30",15
358,136,TM-00136,1,2.945.109,15
358,144,TM-00144,1,$ 2.019.395,15
358,45,TM-00045,3,"$2.131.777,58",10
359,162,TM-00162,2,"$3,118,343",5
359,159,TM-00159,2,"1,158,636",0
359,196,TM-00196,3,$2.994.597,10
360,67,TM-00067,2,"2,224,256",5
361,132,TM-00132,3,2.094.563,0
362,108,TM-00108,1,"$3,541,120",15
362,186,TM-00186,3,$3.657.688,0
362,153,TM-00153,1,"$2.039.825,54",5
363,138,TM-00138,2,$ 416.140,0
363,110,TM-00110,2,$ 882.431,10
364,86,TM-00086,1,$394.512,0
365,6,TM-00006,2,$2.769.218,0
366,25,TM-00025,2,"561,349",5
366,93,TM-00093,1,4.139.865,10
366,31,TM-00031,2,"$2.702.286,98",0
367,27,TM-00027,2,$624.798,15
368,159,TM-00159,1,"$1,158,636",10
369,173,TM-00173,3,474.283,10
369,16,TM-00016,2,"$1,647,274",0
369,60,TM-00060,1,$ 1.934.422,0
369,113,TM-00113,1,$ 2.421.613,0
370,113,TM-00113,1,$ 2.421.613,5
370,145,TM-00145,2,$875.800,10
371,197,TM-00197,1,$ 1.240.130,10
372,210,TM-00210,2,"3,909,572",0
373,97,TM-00097,3,"$2,618,642",0
373,151,TM-00151,2,$ 1.375.195,0
373,12,TM-00012,1,"226,448",0
374,63,TM-00063,2,"3,616,384",10
374,142,TM-00142,1,"$3.384.331,95",0
375,49,TM-00049,1,281.530,0
376,154,TM-00154,1,$ 3.370.259,0
376,127,TM-00127,1,"$3,758,108",0
376,102,TM-00102,2,"$2.535.095,29",0
377,202,TM-00202,1,"$2,945,519",0
377,149,TM-00149,2,"4,941,876",0
378,200,TM-00200,2,467.438,5
378,141,TM-00141,1,"1,259,263",0
379,143,TM-00143,1,"2,706,346",0
379,163,TM-00163,3,$3.865.021,5
380,69,TM-00069,3,4.581.125,10
381,122,TM-00122,1,$3.992.732,10
381,48,TM-00048,3,"$2,391,470",5
381,88,TM-00088,1,"$935.324,01",15
382,106,TM-00106,2,$ 598.140,10
382,172,TM-00172,2,$819.012,0
382,7,TM-00007,2,$ 2.058.671,15
383,196,TM-00196,3,$2.994.597,10
383,216,TM-00216,3,3.815.690,0
383,197,TM-00197,1,"$1,240,130",0
383,137,TM-00137,1,$ 1.632.530,5
384,16,TM-00016,2,"$1.647.274,53",0
384,78,TM-00078,3,$2.796.033,0
385,81,TM-00081,2,"$1,722,358",10
386,25,TM-00025,2,$ 561.349,0
386,135,TM-00135,2,"$4,914,749",0
386,120,TM-00120,1,"387,487",5
386,105,TM-00105,1,"$3,744,920",0
387,13,TM-00013,2,645.533,0
388,72,TM-00072,3,4.879.240,0
388,162,TM-00162,2,"$3,118,343",0
389,14,TM-00014,1,$644.394,0
389,159,TM-00159,2,1.158.636,0
389,66,TM-00066,2,$4.645.883,5
390,32,TM-00032,1,"$664.555,21",15
390,141,TM-00141,3,"$1,259,263",0
391,169,TM-00169,1,$880.653,5
391,68,TM-00068,3,$ 3.739.918,5
391,170,TM-00170,1,$3.769.366,5
392,155,TM-00155,2,"$4.216.850,83",15
393,19,TM-00019,2,4.548.690,10
393,104,TM-00104,1,"4,167,788",10
393,72,TM-00072,1,"4,879,240",0
394,103,TM-00103,1,"$1,111,854",5
394,33,TM-00033,1,$627.063,0
394,178,TM-00178,3,2.276.064,5
394,91,TM-00091,3,2.109.362,0
395,166,TM-00166,1,$3.475.033,0
395,39,TM-00039,1,$1.405.447,0
395,83,TM-00083,2,$1.010.771,0
395,68,TM-00068,1,"$3.739.918,88",0
396,7,TM-00007,2,"2,058,671",5
396,111,TM-00111,2,"$2.062.134,75",0
397,38,TM-00038,1,"$3.603.211,34",0
397,122,TM-00122,2,$3.992.732,15
398,5,TM-00005,3,$ 1.332.108,15
398,199,TM-00199,3,"$2,771,120",5
399,21,TM-00021,3,"$173,797",0
399,33,TM-00033,3,627.063,5
400,172,TM-00172,3,819.012,15
400,39,TM-00039,2,"$1,405,447",5
400,203,TM-00203,3,$ 4.470.243,0
401,128,TM-00128,3,"$3.725.184,09",0
401,170,TM-00170,3,$3.769.366,10
401,159,TM-00159,1,$ 1.158.636,5
401,178,TM-00178,3,"2,276,064",0
402,149,TM-00149,2,"$4.941.876,78",5
402,212,TM-00212,3,2.898.043,0
403,108,TM-00108,1,$3.541.120,0
403,76,TM-00076,1,"$4.530.553,18",10
403,43,TM-00043,1,"$3,016,871",5
403,141,TM-00141,1,1.259.263,0
404,218,TM-00218,1,$ 521.205,0
405,203,TM-00203,1,"4,470,243",10
406,157,TM-00157,1,$380.700,10
406,146,TM-00146,1,$ 435.800,0
407,105,TM-00105,2,"$3.744.920,94",0
407,45,TM-00045,1,$ 2.131.777,0
408,171,TM-00171,2,"3,058,774",15
409,207,TM-00207,2,"$3,020,969",0
409,218,TM-00218,1,"$521.205,49",0
410,166,TM-00166,1,3.475.033,15
410,204,TM-00204,1,$ 509.544,15
411,7,TM-00007,3,"2,058,671",0
411,131,TM-00131,3,"$2,498,312",5
412,201,TM-00201,2,"$3,758,135",15
413,106,TM-00106,1,"$598,140",0
413,29,TM-00029,1,737.726,5
413,8,TM-00008,2,$630.596,10
414,54,TM-00054,3,"4,304,051",15
414,198,TM-00198,1,3.205.747,0
414,197,TM-00197,1,"$1,240,130",15
414,183,TM-00183,3,"$1,294,314",0
415,31,TM-00031,3,2.702.286,15
415,67,TM-00067,3,$2.224.256,0
415,187,TM-00187,3,3.539.574,10
415,81,TM-00081,3,"$1.722.358,82",0
416,196,TM-00196,1,"$2.994.597,27",0
417,61,TM-00061,3,"$660,927",10
417,82,TM-00082,2,"4,780,919",15
418,14,TM-00014,3,$644.394,0
418,124,TM-00124,1,$357.837,0
418,160,TM-00160,3,$ 2.205.621,0
418,83,TM-00083,2,$ 1.010.771,0
419,34,TM-00034,3,$2.587.697,0
419,69,TM-00069,1,$4.581.125,5
419,148,TM-00148,3,"$1,518,588",0
419,189,TM-00189,1,3.672.842,5
420,22,TM-00022,1,"1,843,042",10
421,189,TM-00189,1,$ 3.672.842,15
421,62,TM-00062,1,"4,197,136",0
421,69,TM-00069,2,$4.581.125,0
422,83,TM-00083,2,"$1.010.771,48",0
422,60,TM-00060,2,"$1,934,422",5
422,176,TM-00176,2,$4.581.655,0
423,159,TM-00159,1,"1,158,636",5
423,156,TM-00156,2,$1.644.942,0
423,89,TM-00089,2,"$3,703,130",10
423,67,TM-00067,3,$ 2.224.256,0
424,179,TM-00179,3,"583,163",10
424,168,TM-00168,2,"3,162,270",0
424,7,TM-00007,2,"$2.058.671,83",0
424,8,TM-00008,3,"$630,596",5
425,68,TM-00068,2,$3.739.918,5
425,52,TM-00052,2,"$3,707,915",15
425,10,TM-00010,2,$1.737.377,5
425,120,TM-00120,2,$387.487,0
426,13,TM-00013,1,$ 645.533,5
426,177,TM-00177,2,174.657,15
427,152,TM-00152,2,"$2,147,975",15
427,51,TM-00051,1,"4,340,127",0
427,101,TM-00101,2,"4,111,752",0
427,190,TM-00190,2,"$4.760.928,17",15
428,85,TM-00085,1,$2.087.168,10
428,67,TM-00067,3,$ 2.224.256,15
428,119,TM-00119,1,1.970.357,0
429,124,TM-00124,2,"$357,837",0
429,126,TM-00126,2,"3,516,571",0
430,23,TM-00023,3,$ 2.274.684,10
431,91,TM-00091,1,$ 2.109.362,0
431,101,TM-00101,2,$4.111.752,0
431,29,TM-00029,1,$737.726,0
432,13,TM-00013,2,645.533,0
432,157,TM-00157,3,"380,700",0
433,159,TM-00159,1,"1,158,636",0
433,195,TM-00195,1,$ 2.293.514,15
434,15,TM-00015,3,4.573.422,0
435,212,TM-00212,3,$2.898.043,0
436,51,TM-00051,1,$4.340.127,0
437,18,TM-00018,2,$3.427.432,10
437,4,TM-00004,2,"942,638",0
437,22,TM-00022,2,"$1,843,042",15
437,99,TM-00099,2,"$2,622,140",0
438,159,TM-00159,1,1.158.636,5
439,51,TM-00051,2,$ 4.340.127,5
439,167,TM-00167,3,$1.024.089,15
440,123,TM-00123,3,$2.816.593,0
441,123,TM-00123,2,"2,816,593",5
442,88,TM-00088,1,"$935,324",5
443,22,TM-00022,1,$ 1.843.042,0
443,101,TM-00101,1,"4,111,752",15
444,211,TM-00211,2,$3.704.719,0
444,96,TM-00096,1,"$3,809,560",15
444,140,TM-00140,2,$891.919,15
445,153,TM-00153,3,"$2.039.825,57",0
446,88,TM-00088,1,"$935,324",0
446,30,TM-00030,2,"$2,685,565",0
446,15,TM-00015,2,$4.573.422,0
446,188,TM-00188,1,$3.189.864,0
447,71,TM-00071,2,"$3,537,767",0
448,184,TM-00184,3,$ 2.777.853,0
448,207,TM-00207,3,"3,020,969",15
448,167,TM-00167,3,$ 1.024.089,10
449,175,TM-00175,2,$1.287.774,0
449,111,TM-00111,2,"$2.062.134,65",15
450,74,TM-00074,2,"1,890,642",10
450,121,TM-00121,3,$1.572.441,0
450,129,TM-00129,2,"$1.378.572,49",15
451,171,TM-00171,1,"3,058,774",15
451,72,TM-00072,1,"$4,879,240",15
451,114,TM-00114,1,"$4,997,513",15
452,52,TM-00052,3,$3.707.915,5
453,98,TM-00098,2,$3.619.384,15
453,200,TM-00200,1,467.438,15
453,160,TM-00160,3,2.205.621,5
454,5,TM-00005,3,"$1.332.108,99",0
454,164,TM-00164,3,2.011.440,0
454,42,TM-00042,2,"$2.635.858,52",15
454,199,TM-00199,2,$2.771.120,0
455,93,TM-00093,3,"4,139,865",10
455,103,TM-00103,1,$1.111.854,15
455,14,TM-00014,1,$ 644.394,5
456,34,TM-00034,1,"$2,587,697",10
457,32,TM-00032,1,$ 664.555,0
458,19,TM-00019,2,$4.548.690,15
459,184,TM-00184,2,"2,777,853",15
460,199,TM-00199,3,$2.771.120,15
460,10,TM-00010,1,"1,737,377",10
460,95,TM-00095,1,3.459.366,5
461,8,TM-00008,2,630.596,15
461,176,TM-00176,1,"$4,581,655",5
462,77,TM-00077,1,"3,645,464",15
463,66,TM-00066,1,$4.645.883,10
464,159,TM-00159,3,"$1,158,636",0
465,63,TM-00063,2,"$3,616,384",0
465,216,TM-00216,3,3.815.690,0
466,154,TM-00154,3,3.370.259,10
466,20,TM-00020,3,"$2,145,528",0
466,29,TM-00029,3,"$737,726",0
467,171,TM-00171,3,3.058.774,10
467,146,TM-00146,1,"$435,800",10
468,118,TM-00118,2,$384.376,5
468,22,TM-00022,3,"$1.843.042,50",0
468,160,TM-00160,2,$2.205.621,5
469,112,TM-00112,3,"$3,829,098",15
469,102,TM-00102,3,2.535.095,0
469,24,TM-00024,3,"$1,348,529",0
470,186,TM-00186,1,"$3,657,688",10
470,118,TM-00118,1,$ 384.376,0
470,182,TM-00182,2,955.649,0
470,86,TM-00086,3,$394.512,0
471,95,TM-00095,2,"$3,459,366",0
471,69,TM-00069,1,"$4.581.125,85",0
471,176,TM-00176,1,"$4.581.655,02",0
472,216,TM-00216,3,$ 3.815.690,5
472,117,TM-00117,1,2.333.766,10
472,166,TM-00166,2,3.475.033,15
473,138,TM-00138,2,"$416.140,57",0
473,119,TM-00119,2,"1,970,357",15
473,40,TM-00040,3,"$131,115",10
474,7,TM-00007,3,"2,058,671",0
474,105,TM-00105,1,$ 3.744.920,5
475,20,TM-00020,3,$2.145.528,5
475,46,TM-00046,1,"$3,998,434",5
475,212,TM-00212,2,"$2.898.043,23",5
475,179,TM-00179,3,"583,163",0
476,112,TM-00112,2,"$3.829.098,80",0
476,52,TM-00052,3,3.707.915,0
476,2,TM-00002,1,4.554.433,15
476,122,TM-00122,1,$3.992.732,0
477,82,TM-00082,3,"$4,780,919",10
477,171,TM-00171,3,"$3,058,774",0
477,142,TM-00142,2,"3,384,331",5
477,123,TM-00123,3,"2,816,593",15
478,37,TM-00037,3,$2.264.457,10
478,16,TM-00016,3,"$1.647.274,59",0
478,123,TM-00123,1,$ 2.816.593,15
478,133,TM-00133,3,4.313.433,10
479,100,TM-00100,1,"$1.052.897,71",0
479,44,TM-00044,1,$1.413.163,10
480,185,TM-00185,3,"$3.658.773,17",0
480,147,TM-00147,3,1.271.127,0
480,191,TM-00191,2,3.597.851,0
481,171,TM-00171,1,"$3.058.774,45",0
481,17,TM-00017,3,$ 3.498.575,10
481,126,TM-00126,1,$ 3.516.571,5
481,197,TM-00197,3,1.240.130,5
482,156,TM-00156,1,$1.644.942,0
483,202,TM-00202,3,"2,945,519",10
484,48,TM-00048,2,$2.391.470,5
484,122,TM-00122,2,"$3,992,732",0
485,5,TM-00005,1,$1.332.108,0
485,111,TM-00111,2,$2.062.134,15
485,98,TM-00098,2,$ 3.619.384,0
485,139,TM-00139,2,"$1.325.951,14",15
486,62,TM-00062,1,4.197.136,0
486,69,TM-00069,3,$ 4.581.125,0
486,36,TM-00036,2,$ 1.353.991,15
487,56,TM-00056,2,$4.824.000,10
487,48,TM-00048,3,"$2,391,470",15
487,183,TM-00183,2,"1,294,314",0
488,185,TM-00185,1,$ 3.658.773,15
488,154,TM-00154,2,"3,370,259",5
489,159,TM-00159,1,"$1.158.636,36",10
489,111,TM-00111,1,"$2.062.134,77",15
489,68,TM-00068,3,$ 3.739.918,0
489,130,TM-00130,1,"1,934,925",0
490,25,TM-00025,3,561.349,15
491,134,TM-00134,1,"4,309,212",0
491,102,TM-00102,2,$ 2.535.095,0
492,30,TM-00030,2,"2,685,565",5
493,75,TM-00075,3,$ 3.441.654,0
493,153,TM-00153,2,"$2.039.825,53",0
493,194,TM-00194,2,"$1,947,159",0
493,46,TM-00046,2,"$3,998,434",0
494,100,TM-00100,3,"1,052,897",15
495,121,TM-00121,1,"1,572,441",0
495,80,TM-00080,2,$2.985.680,0
495,26,TM-00026,2,$4.268.214,0
495,123,TM-00123,1,$ 2.816.593,0
496,187,TM-00187,1,$ 3.539.574,15
496,23,TM-00023,2,2.274.684,0
496,162,TM-00162,3,3.118.343,5
497,161,TM-00161,1,"3,978,648",15
497,183,TM-00183,2,1.294.314,0
498,175,TM-00175,1,$1.287.774,0
498,182,TM-00182,1,$ 955.649,5
499,57,TM-00057,1,"$2.456.806,29",5
499,166,TM-00166,2,"3,475,033",10
499,38,TM-00038,3,"$3.603.211,71",0
499,139,TM-00139,1,$1.325.951,10
500,159,TM-00159,2,$ 1.158.636,15
500,108,TM-00108,3,$3.541.120,10
500,196,TM-00196,1,$ 2.994.597,0
500,35,TM-00035,2,$918.946,10
501,34,TM-00034,1,"2,587,697",10
502,57,TM-00057,1,2.456.806,0
502,187,TM-00187,3,$ 3.539.574,0
502,155,TM-00155,3,$ 4.216.850,0
503,210,TM-00210,1,"$3,909,572",0
503,132,TM-00132,1,$2.094.563,15
503,33,TM-00033,1,"627,063",0
504,100,TM-00100,1,1.052.897,15
504,12,TM-00012,3,$226.448,0
504,33,TM-00033,3,$627.063,0
505,92,TM-00092,3,"3,229,192",0
505,35,TM-00035,1,$ 918.946,0
506,197,TM-00197,2,"$1.240.130,92",0
506,23,TM-00023,2,$ 2.274.684,0
507,199,TM-00199,1,"$2,771,120",5
507,130,TM-00130,1,"1,934,925",5
507,42,TM-00042,1,$ 2.635.858,5
508,214,TM-00214,1,"$912.386,80",0
508,211,TM-00211,1,"$3,704,719",0
508,146,TM-00146,2,"$435,800",15
509,85,TM-00085,1,2.087.168,15
509,138,TM-00138,3,"$416,140",0
509,38,TM-00038,3,3.603.211,0
509,126,TM-00126,3,$ 3.516.571,0
510,7,TM-00007,1,2.058.671,0
510,114,TM-00114,2,$ 4.997.513,0
511,114,TM-00114,1,"4,997,513",0
512,38,TM-00038,3,3.603.211,15
513,13,TM-00013,1,"645,533",10
513,170,TM-00170,2,$3.769.366,0
513,3,TM-00003,1,$ 3.856.110,0
514,72,TM-00072,3,"$4,879,240",5
514,115,TM-00115,3,$1.299.813,15
515,84,TM-00084,3,"$4,880,133",0
516,116,TM-00116,3,$ 4.824.854,0
516,56,TM-00056,3,$ 4.824.000,0
516,79,TM-00079,3,"3,586,342",5
516,60,TM-00060,1,1.934.422,15
517,8,TM-00008,2,630.596,15
517,204,TM-00204,1,"509,544",0
517,15,TM-00015,1,"$4,573,422",15
518,30,TM-00030,3,"$2,685,565",5
519,137,TM-00137,2,"$1.632.530,01",5
519,58,TM-00058,2,"$3,755,969",5
519,50,TM-00050,3,$959.346,5
520,66,TM-00066,3,"$4,645,883",5
520,154,TM-00154,3,"$3,370,259",10
520,105,TM-00105,2,"$3.744.920,93",10
520,160,TM-00160,3,"2,205,621",0
521,4,TM-00004,1,"$942.638,95",0
522,92,TM-00092,2,"$3,229,192",0
523,123,TM-00123,1,$2.816.593,0
523,124,TM-00124,1,357.837,15
524,12,TM-00012,1,226.448,15
524,191,TM-00191,1,$3.597.851,15
524,80,TM-00080,3,"$2,985,680",0
525,5,TM-00005,1,"$1,332,108",10
526,125,TM-00125,2,$3.440.466,5
526,41,TM-00041,3,$352.225,0
526,19,TM-00019,2,$4.548.690,15
527,123,TM-00123,3,$2.816.593,0
527,211,TM-00211,1,$ 3.704.719,5
528,20,TM-00020,1,$ 2.145.528,0
528,196,TM-00196,1,"2,994,597",10
528,15,TM-00015,2,"$4,573,422",0
528,38,TM-00038,3,3.603.211,0
529,114,TM-00114,3,"$4.997.513,91",5
530,184,TM-00184,1,"2,777,853",0
530,119,TM-00119,1,"1,970,357",0
530,60,TM-00060,1,"$1,934,422",0
530,173,TM-00173,3,$ 474.283,0
531,156,TM-00156,2,$1.644.942,0
532,96,TM-00096,3,$ 3.809.560,5
533,27,TM-00027,2,$624.798,10
533,201,TM-00201,1,$3.758.135,0
533,133,TM-00133,2,$ 4.313.433,15
534,132,TM-00132,3,$ 2.094.563,0
535,67,TM-00067,1,$ 2.224.256,15
535,214,TM-00214,2,$ 912.386,0
536,119,TM-00119,3,$1.970.357,10
536,166,TM-00166,3,$3.475.033,10
537,11,TM-00011,3,4.391.740,5
537,192,TM-00192,1,$919.064,15
537,84,TM-00084,3,"4,880,133",5
538,92,TM-00092,1,$3.229.192,0
539,127,TM-00127,1,$3.758.108,0
539,152,TM-00152,3,$ 2.147.975,0
540,160,TM-00160,2,$2.205.621,5
540,133,TM-00133,3,"4,313,433",0
540,55,TM-00055,1,$ 1.117.767,10
540,66,TM-00066,2,"$4.645.883,80",0
541,105,TM-00105,2,"$3,744,920",10
541,171,TM-00171,3,"$3,058,774",0
541,75,TM-00075,2,"$3,441,654",0
541,73,TM-00073,3,"$3.565.005,63",5
542,151,TM-00151,3,"$1,375,195",0
543,116,TM-00116,3,"4,824,854",5
543,123,TM-00123,1,"$2.816.593,74",0
544,84,TM-00084,1,"$4.880.133,68",0
544,146,TM-00146,1,$ 435.800,15
544,38,TM-00038,1,"$3.603.211,58",5
544,116,TM-00116,2,"$4.824.854,91",0
545,217,TM-00217,3,$ 622.826,15
545,1,TM-00001,2,$3.976.287,0
546,126,TM-00126,2,"3,516,571",10
546,2,TM-00002,1,$4.554.433,10
547,198,TM-00198,1,$ 3.205.747,0
548,181,TM-00181,2,"$3.892.339,43",5
549,168,TM-00168,1,3.162.270,0
549,32,TM-00032,2,$ 664.555,0
550,18,TM-00018,3,$3.427.432,5
550,75,TM-00075,2,$ 3.441.654,15
551,167,TM-00167,3,"1,024,089",15
552,21,TM-00021,1,"173,797",5
553,87,TM-00087,3,4.294.306,15
553,148,TM-00148,1,"1,518,588",5
553,128,TM-00128,1,"$3,725,184",15
554,210,TM-00210,3,$3.909.572,5
554,159,TM-00159,1,$1.158.636,0
555,195,TM-00195,3,$2.293.514,0
555,158,TM-00158,3,$ 806.093,5
555,213,TM-00213,3,$ 4.501.035,5
556,142,TM-00142,1,$ 3.384.331,0
556,14,TM-00014,2,644.394,5
556,100,TM-00100,2,"$1.052.897,28",0
557,49,TM-00049,3,"$281,530",10
557,161,TM-00161,1,"3,978,648",0
557,136,TM-00136,1,$2.945.109,0
558,138,TM-00138,3,$416.140,5
559,55,TM-00055,1,"$1.117.767,31",0
559,129,TM-00129,2,"1,378,572",0
559,69,TM-00069,2,$4.581.125,5
559,152,TM-00152,2,$2.147.975,15
560,123,TM-00123,2,$ 2.816.593,5
560,218,TM-00218,3,$521.205,0
560,20,TM-00020,1,2.145.528,5
561,4,TM-00004,2,$942.638,0
561,185,TM-00185,3,"$3.658.773,77",5
561,81,TM-00081,1,$ 1.722.358,10
562,170,TM-00170,3,"$3.769.366,47",5
562,94,TM-00094,3,"$2.367.508,33",0
563,61,TM-00061,3,660.927,10
564,30,TM-00030,1,$ 2.685.565,15
564,171,TM-00171,3,"$3,058,774",0
564,206,TM-00206,1,$ 1.133.688,10
564,12,TM-00012,3,226.448,10
565,215,TM-00215,1,"$682,109",15
565,93,TM-00093,1,$4.139.865,0
566,112,TM-00112,2,"$3,829,098",0
567,52,TM-00052,1,"$3.707.915,33",0
568,69,TM-00069,1,"$4.581.125,01",5
568,219,TM-00219,1,$365.472,5
568,89,TM-00089,1,3.703.130,5
568,90,TM-00090,3,"$4,105,871",0
569,1,TM-00001,2,3.976.287,0
569,44,TM-00044,1,"$1,413,163",15
570,24,TM-00024,1,1.348.529,10
571,30,TM-00030,1,"2,685,565",0
571,173,TM-00173,1,"474,283",0
572,101,TM-00101,2,$4.111.752,5
572,70,TM-00070,1,"1,844,766",0
572,155,TM-00155,2,4.216.850,15
573,142,TM-00142,1,"3,384,331",0
573,111,TM-00111,1,$ 2.062.134,0
573,159,TM-00159,3,$ 1.158.636,15
573,160,TM-00160,2,$ 2.205.621,5
574,46,TM-00046,2,3.998.434,5
574,3,TM-00003,3,3.856.110,15
574,129,TM-00129,2,$ 1.378.572,0
574,57,TM-00057,3,"$2.456.806,34",0
575,190,TM-00190,1,"4,760,928",0
575,117,TM-00117,3,"2,333,766",0
575,18,TM-00018,3,"3,427,432",5
575,32,TM-00032,2,"$664,555",10
576,17,TM-00017,1,"$3.498.575,06",0
576,71,TM-00071,1,$3.537.767,0
576,12,TM-00012,1,$226.448,15
576,88,TM-00088,2,$ 935.324,0
577,21,TM-00021,2,"$173,797",10
577,98,TM-00098,2,3.619.384,0
578,149,TM-00149,3,"$4.941.876,92",0
579,35,TM-00035,1,$918.946,0
579,59,TM-00059,2,"$2,430,572",5
580,2,TM-00002,3,"$4.554.433,98",5
580,76,TM-00076,1,$ 4.530.553,10
580,124,TM-00124,1,$357.837,0
581,35,TM-00035,2,"$918.946,64",15
582,94,TM-00094,2,"$2,367,508",0
582,151,TM-00151,2,"$1,375,195",0
582,64,TM-00064,3,"$4.725.858,28",0
583,200,TM-00200,2,$ 467.438,10
584,62,TM-00062,3,"4,197,136",15
584,208,TM-00208,2,$ 3.906.698,0
584,118,TM-00118,1,384.376,0
585,58,TM-00058,1,$3.755.969,0
586,75,TM-00075,1,"$3,441,654",10
586,12,TM-00012,2,"226,448",0
587,85,TM-00085,3,"$2,087,168",10
588,12,TM-00012,1,$226.448,0
588,57,TM-00057,2,$ 2.456.806,15
589,159,TM-00159,2,1.158.636,0
590,5,TM-00005,2,$ 1.332.108,0
591,52,TM-00052,3,$3.707.915,0
591,136,TM-00136,1,"2,945,109",0
592,72,TM-00072,1,4.879.240,0
592,106,TM-00106,2,"$598.140,41",0
593,155,TM-00155,1,"$4,216,850",5
593,185,TM-00185,1,"3,658,773",0
594,144,TM-00144,2,"$2,019,395",0
594,154,TM-00154,1,3.370.259,5
594,186,TM-00186,3,"$3.657.688,24",5
595,193,TM-00193,3,"957,801",5
595,4,TM-00004,1,942.638,0
595,202,TM-00202,1,"$2,945,519",5
595,95,TM-00095,1,"$3,459,366",10
596,32,TM-00032,1,664.555,0
596,155,TM-00155,1,"4,216,850",0
597,40,TM-00040,2,$131.115,5
597,110,TM-00110,1,$882.431,0
597,127,TM-00127,3,3.758.108,15
597,50,TM-00050,2,$959.346,5
598,36,TM-00036,3,"$1,353,991",0
598,206,TM-00206,1,$ 1.133.688,0
598,15,TM-00015,3,$4.573.422,15
599,101,TM-00101,3,$ 4.111.752,0
599,214,TM-00214,1,"$912,386",0
599,159,TM-00159,2,$ 1.158.636,5
600,136,TM-00136,1,"$2.945.109,42",15
601,46,TM-00046,1,$3.998.434,0
602,117,TM-00117,2,$ 2.333.766,15
603,181,TM-00181,2,$3.892.339,0
603,188,TM-00188,2,"$3.189.864,53",0
603,9,TM-00009,2,$1.435.185,0
603,196,TM-00196,3,"$2.994.597,22",0
604,114,TM-00114,2,"$4.997.513,41",0
604,200,TM-00200,3,467.438,0
605,62,TM-00062,1,$ 4.197.136,15
605,111,TM-00111,1,$2.062.134,0
605,206,TM-00206,2,1.133.688,15
606,187,TM-00187,2,"$3.539.574,50",10
606,115,TM-00115,2,$1.299.813,0
606,78,TM-00078,2,$2.796.033,0
607,166,TM-00166,2,$3.475.033,0
607,162,TM-00162,1,"3,118,343",5
607,11,TM-00011,3,$ 4.391.740,0
608,72,TM-00072,2,"$4,879,240",0
608,44,TM-00044,2,"$1,413,163",0
608,92,TM-00092,2,$3.229.192,0
608,23,TM-00023,1,2.274.684,0
609,202,TM-00202,1,"2,945,519",0
610,61,TM-00061,1,"660,927",15
610,59,TM-00059,2,$2.430.572,0
611,10,TM-00010,3,$1.737.377,15
611,109,TM-00109,2,$2.544.378,5
612,188,TM-00188,3,"$3,189,864",0
612,129,TM-00129,3,$ 1.378.572,0
612,79,TM-00079,3,"$3,586,342",0
612,130,TM-00130,2,$ 1.934.925,0
613,216,TM-00216,3,"$3,815,690",0
613,192,TM-00192,2,"919,064",5
613,199,TM-00199,1,$2.771.120,0
613,38,TM-00038,3,$3.603.211,5
614,208,TM-00208,2,$3.906.698,0
614,99,TM-00099,3,"$2.622.140,95",0
614,121,TM-00121,2,"$1,572,441",0
614,69,TM-00069,1,"$4,581,125",10
615,128,TM-00128,2,"$3,725,184",0
616,213,TM-00213,1,$ 4.501.035,0
617,168,TM-00168,3,"$3.162.270,80",0
617,164,TM-00164,1,"2,011,440",0
617,172,TM-00172,3,$819.012,10
617,17,TM-00017,3,3.498.575,10
618,149,TM-00149,3,$4.941.876,15
618,120,TM-00120,1,"$387,487",0
619,6,TM-00006,1,$2.769.218,0
620,16,TM-00016,2,"$1.647.274,33",0
620,52,TM-00052,1,$ 3.707.915,0
620,79,TM-00079,2,"$3.586.342,47",5
620,34,TM-00034,1,$2.587.697,0
621,35,TM-00035,3,"918,946",0
621,112,TM-00112,1,"$3.829.098,54",0
622,16,TM-00016,2,"1,647,274",0
622,21,TM-00021,2,173.797,15
622,13,TM-00013,1,"$645,533",10
622,117,TM-00117,2,"$2.333.766,96",0
623,143,TM-00143,2,2.706.346,0
623,32,TM-00032,1,664.555,0
623,67,TM-00067,2,"2,224,256",0
623,192,TM-00192,3,"$919.064,05",5
624,11,TM-00011,1,4.391.740,0
624,146,TM-00146,1,"$435.800,22",5
624,159,TM-00159,3,"$1,158,636",5
624,128,TM-00128,2,"3,725,184",0
625,30,TM-00030,1,"2,685,565",15
626,19,TM-00019,2,"$4,548,690",0
626,191,TM-00191,3,"$3.597.851,38",5
626,217,TM-00217,2,"622,826",5
627,195,TM-00195,3,$2.293.514,10
627,106,TM-00106,2,$598.140,0
627,176,TM-00176,1,$ 4.581.655,0
628,38,TM-00038,1,$3.603.211,15
628,137,TM-00137,1,1.632.530,0
628,31,TM-00031,1,"$2,702,286",15
629,199,TM-00199,2,$2.771.120,0
630,120,TM-00120,3,387.487,10
630,77,TM-00077,3,"3,645,464",0
631,212,TM-00212,2,"$2.898.043,95",10
631,90,TM-00090,1,"$4.105.871,26",0
632,198,TM-00198,2,"$3.205.747,39",10
632,183,TM-00183,3,"1,294,314",0
632,12,TM-00012,2,"$226,448",0
633,147,TM-00147,2,1.271.127,10
633,176,TM-00176,3,"$4,581,655",0
633,128,TM-00128,1,3.725.184,5
634,195,TM-00195,1,$ 2.293.514,5
635,39,TM-00039,3,"1,405,447",0
635,169,TM-00169,1,$880.653,0
635,75,TM-00075,2,"3,441,654",0
635,164,TM-00164,3,"2,011,440",10
636,169,TM-00169,2,$ 880.653,15
636,43,TM-00043,1,"$3,016,871",0
636,138,TM-00138,2,"$416,140",5
636,76,TM-00076,2,4.530.553,0
637,12,TM-00012,1,$226.448,5
638,16,TM-00016,3,"$1.647.274,86",5
639,88,TM-00088,2,"$935,324",5
639,200,TM-00200,2,"467,438",0
639,18,TM-00018,1,"$3.427.432,23",0
640,25,TM-00025,1,"561,349",5
640,31,TM-00031,2,"2,702,286",15
640,132,TM-00132,1,$2.094.563,5
640,89,TM-00089,3,$ 3.703.130,5
641,103,TM-00103,1,"1,111,854",0
641,51,TM-00051,2,"4,340,127",0
641,140,TM-00140,1,"$891.919,49",0
642,67,TM-00067,1,2.224.256,15
643,108,TM-00108,2,"$3.541.120,51",0
644,16,TM-00016,1,"$1,647,274",0
645,100,TM-00100,3,"$1,052,897",0
645,148,TM-00148,2,1.518.588,10
645,169,TM-00169,2,$880.653,15
645,176,TM-00176,1,$ 4.581.655,10
646,25,TM-00025,2,"561,349",0
646,1,TM-00001,1,"3,976,287",0
646,116,TM-00116,3,$ 4.824.854,0
646,5,TM-00005,2,"1,332,108",15
647,130,TM-00130,3,$ 1.934.925,5
647,125,TM-00125,3,3.440.466,5
648,220,TM-00220,2,$ 4.303.593,0
648,80,TM-00080,1,2.985.680,0
648,8,TM-00008,3,"630,596",5
648,42,TM-00042,2,"2,635,858",0
649,55,TM-00055,3,$1.117.767,0
649,56,TM-00056,3,"$4.824.000,20",0
649,160,TM-00160,1,$ 2.205.621,10
649,109,TM-00109,2,$2.544.378,0
650,136,TM-00136,3,"$2.945.109,26",10
650,135,TM-00135,2,4.914.749,5
650,186,TM-00186,3,$3.657.688,15
651,108,TM-00108,2,$3.541.120,10
651,166,TM-00166,3,"3,475,033",10
651,90,TM-00090,3,$4.105.871,0
651,207,TM-00207,1,$ 3.020.969,5
652,46,TM-00046,1,3.998.434,10
653,85,TM-00085,3,$ 2.087.168,10
653,67,TM-00067,1,$ 2.224.256,0
653,1,TM-00001,2,"3,976,287",10
654,19,TM-00019,1,4.548.690,5
654,76,TM-00076,1,"$4,530,553",0
654,218,TM-00218,2,"$521,205",15
654,162,TM-00162,3,"$3,118,343",0
655,96,TM-00096,2,3.809.560,0
656,1,TM-00001,3,3.976.287,15
656,211,TM-00211,1,"$3,704,719",0
657,193,TM-00193,1,957.801,10
657,54,TM-00054,3,$4.304.051,0
657,51,TM-00051,1,4.340.127,15
658,19,TM-00019,3,"$4.548.690,53",0
659,58,TM-00058,1,"$3.755.969,96",0
659,127,TM-00127,3,"3,758,108",0
660,206,TM-00206,2,$ 1.133.688,10
661,201,TM-00201,1,"$3,758,135",0
662,44,TM-00044,2,$1.413.163,10
662,160,TM-00160,3,"$2,205,621",15
663,77,TM-00077,3,$3.645.464,0
663,134,TM-00134,1,4.309.212,0
663,52,TM-00052,3,"$3.707.915,55",10
663,141,TM-00141,3,1.259.263,15
664,29,TM-00029,3,$ 737.726,10
664,26,TM-00026,3,"$4.268.214,96",5
664,81,TM-00081,2,1.722.358,0
664,57,TM-00057,1,"$2,456,806",10
665,41,TM-00041,2,352.225,15
665,107,TM-00107,1,1.301.560,15
665,104,TM-00104,1,$ 4.167.788,5
665,124,TM-00124,3,"$357,837",5
666,81,TM-00081,2,$1.722.358,5
666,59,TM-00059,1,"2,430,572",10
667,73,TM-00073,3,"$3.565.005,88",0
667,100,TM-00100,2,1.052.897,0
668,151,TM-00151,3,1.375.195,0
668,55,TM-00055,1,"$1.117.767,11",5
668,39,TM-00039,1,$1.405.447,0
668,183,TM-00183,1,$1.294.314,5
669,144,TM-00144,3,"$2.019.395,90",0
670,5,TM-00005,3,$ 1.332.108,0
670,152,TM-00152,1,"2,147,975",0
671,207,TM-00207,3,"$3,020,969",5
671,182,TM-00182,3,$ 955.649,5
671,22,TM-00022,2,$ 1.843.042,5
671,106,TM-00106,3,$598.140,0
672,9,TM-00009,3,$ 1.435.185,15
672,40,TM-00040,2,"$131,115",5
672,64,TM-00064,2,"4,725,858",5
673,125,TM-00125,1,"$3,440,466",10
673,11,TM-00011,3,$4.391.740,10
673,143,TM-00143,3,"$2.706.346,54",10
674,33,TM-00033,3,"$627,063",15
675,34,TM-00034,2,2.587.697,0
675,74,TM-00074,1,"$1,890,642",0
675,52,TM-00052,2,3.707.915,5
676,216,TM-00216,1,"$3.815.690,75",15
677,188,TM-00188,3,3.189.864,0
678,110,TM-00110,2,$ 882.431,10
678,141,TM-00141,2,$ 1.259.263,15
679,59,TM-00059,2,"$2,430,572",5
679,162,TM-00162,2,"$3.118.343,08",0
679,139,TM-00139,1,$ 1.325.951,0
679,160,TM-00160,3,$ 2.205.621,15
680,183,TM-00183,1,1.294.314,10
680,95,TM-00095,2,$ 3.459.366,0
680,84,TM-00084,2,"4,880,133",15
681,141,TM-00141,1,$ 1.259.263,10
681,93,TM-00093,3,$4.139.865,15
681,159,TM-00159,1,"1,158,636",15
682,9,TM-00009,2,"1,435,185",0
682,84,TM-00084,2,4.880.133,0
682,73,TM-00073,3,$3.565.005,5
683,56,TM-00056,2,4.824.000,0
684,114,TM-00114,3,$4.997.513,10
684,33,TM-00033,1,$627.063,15
684,51,TM-00051,2,$4.340.127,5
684,94,TM-00094,3,"$2,367,508",15
685,57,TM-00057,3,$2.456.806,0
685,139,TM-00139,3,"$1,325,951",5
685,14,TM-00014,2,644.394,0
685,56,TM-00056,1,4.824.000,0
686,46,TM-00046,2,"$3,998,434",0
686,28,TM-00028,3,"$1.055.681,95",0
687,199,TM-00199,3,2.771.120,0
687,4,TM-00004,1,$942.638,0
687,36,TM-00036,2,"$1.353.991,23",10
687,191,TM-00191,1,"$3,597,851",5
688,42,TM-00042,2,$2.635.858,5
688,176,TM-00176,2,$4.581.655,0
688,147,TM-00147,2,"$1.271.127,51",5
688,178,TM-00178,3,$2.276.064,0
689,3,TM-00003,3,3.856.110,0
689,77,TM-00077,3,$ 3.645.464,10
690,138,TM-00138,2,"$416.140,67",10
690,33,TM-00033,1,"627,063",15
690,176,TM-00176,1,$4.581.655,10
691,57,TM-00057,1,"$2,456,806",0
691,43,TM-00043,2,"3,016,871",5
691,194,TM-00194,1,"$1,947,159",10
692,65,TM-00065,2,$4.738.605,0
692,117,TM-00117,1,"$2.333.766,93",0
692,43,TM-00043,2,"$3.016.871,64",0
692,93,TM-00093,1,"4,139,865",15
693,177,TM-00177,3,$174.657,0
693,146,TM-00146,1,$435.800,0
694,219,TM-00219,1,"$365,472",15
694,95,TM-00095,3,"$3,459,366",5
695,172,TM-00172,2,$819.012,0
695,182,TM-00182,1,"$955.649,25",0
695,175,TM-00175,3,$1.287.774,10
696,57,TM-00057,2,$ 2.456.806,0
696,34,TM-00034,3,"2,587,697",10
696,170,TM-00170,3,$ 3.769.366,0
697,152,TM-00152,2,$ 2.147.975,0
698,27,TM-00027,3,$ 624.798,0
699,160,TM-00160,1,$ 2.205.621,0
699,42,TM-00042,2,$2.635.858,10
700,135,TM-00135,3,$4.914.749,0
700,165,TM-00165,1,$1.906.962,0
700,153,TM-00153,2,2.039.825,15
701,42,TM-00042,2,$2.635.858,15
701,137,TM-00137,1,$1.632.530,0
701,158,TM-00158,2,"$806,093",15
701,144,TM-00144,2,2.019.395,10
702,150,TM-00150,1,"2,191,835",10
703,115,TM-00115,2,$1.299.813,0
703,178,TM-00178,3,"$2,276,064",10
703,25,TM-00025,2,$561.349,0
703,59,TM-00059,3,"$2.430.572,63",10
704,216,TM-00216,3,"$3.815.690,12",0
704,125,TM-00125,3,$ 3.440.466,15
704,113,TM-00113,1,"2,421,613",0
705,25,TM-00025,2,"$561.349,71",5
705,39,TM-00039,1,"1,405,447",0
705,125,TM-00125,3,$3.440.466,15
706,183,TM-00183,1,"$1.294.314,13",0
706,100,TM-00100,2,"$1.052.897,96",15
706,174,TM-00174,1,"625,543",0
706,210,TM-00210,3,"$3,909,572",0
707,187,TM-00187,1,3.539.574,0
707,139,TM-00139,3,"$1.325.951,91",10
708,147,TM-00147,2,$ 1.271.127,10
708,103,TM-00103,2,$1.111.854,0
708,153,TM-00153,3,"$2.039.825,64",10
709,202,TM-00202,1,2.945.519,0
709,160,TM-00160,3,$2.205.621,0
709,142,TM-00142,1,$ 3.384.331,10
710,50,TM-00050,3,"$959.346,36",10
710,55,TM-00055,3,"$1.117.767,59",5
710,116,TM-00116,1,$ 4.824.854,0
711,212,TM-00212,1,2.898.043,5
711,64,TM-00064,1,4.725.858,0
712,17,TM-00017,2,$3.498.575,10
712,194,TM-00194,1,"$1.947.159,15",0
712,70,TM-00070,3,$1.844.766,5
713,110,TM-00110,3,"$882,431",0
714,156,TM-00156,3,"1,644,942",0
714,143,TM-00143,3,2.706.346,5
714,72,TM-00072,3,"$4,879,240",0
715,67,TM-00067,1,2.224.256,10
715,170,TM-00170,3,$ 3.769.366,0
715,136,TM-00136,2,"$2,945,109",0
715,34,TM-00034,1,"$2.587.697,15",15
716,217,TM-00217,2,$622.826,0
716,22,TM-00022,2,"1,843,042",0
716,141,TM-00141,3,"$1,259,263",0
717,63,TM-00063,3,$ 3.616.384,15
718,79,TM-00079,2,$ 3.586.342,0
718,67,TM-00067,2,"$2.224.256,56",15
718,16,TM-00016,3,$ 1.647.274,10
718,137,TM-00137,1,"$1.632.530,00",0
719,121,TM-00121,1,"1,572,441",0
719,106,TM-00106,2,"$598,140",15
719,30,TM-00030,3,"2,685,565",0
719,201,TM-00201,2,$ 3.758.135,0
720,218,TM-00218,3,$521.205,0
720,169,TM-00169,3,"$880.653,29",15
720,211,TM-00211,2,"3,704,719",10
721,80,TM-00080,3,$2.985.680,0
721,137,TM-00137,3,"1,632,530",0
722,5,TM-00005,1,$1.332.108,15
722,31,TM-00031,3,"2,702,286",0
722,20,TM-00020,2,$2.145.528,0
722,151,TM-00151,3,$ 1.375.195,0
723,195,TM-00195,1,"$2.293.514,65",0
723,114,TM-00114,1,$4.997.513,0
723,171,TM-00171,3,$ 3.058.774,0
723,111,TM-00111,1,"2,062,134",0
724,36,TM-00036,1,"$1,353,991",15
724,104,TM-00104,1,"$4,167,788",0
724,66,TM-00066,3,"$4,645,883",15
724,15,TM-00015,1,"$4.573.422,76",15
725,47,TM-00047,3,$ 1.920.018,0
725,132,TM-00132,2,"$2.094.563,49",0
726,156,TM-00156,1,1.644.942,5
726,167,TM-00167,2,"1,024,089",10
726,96,TM-00096,2,"3,809,560",0
727,195,TM-00195,1,$2.293.514,10
727,96,TM-00096,3,$ 3.809.560,0
727,203,TM-00203,3,"$4,470,243",5
727,25,TM-00025,2,"561,349",15
728,121,TM-00121,1,1.572.441,10
728,57,TM-00057,1,"$2,456,806",0
728,27,TM-00027,1,$624.798,5
729,220,TM-00220,2,"4,303,593",10
729,193,TM-00193,2,"957,801",0
730,126,TM-00126,1,$ 3.516.571,5
731,197,TM-00197,1,$1.240.130,5
731,64,TM-00064,3,$4.725.858,0
731,145,TM-00145,1,"$875,800",5
732,211,TM-00211,3,3.704.719,0
732,160,TM-00160,2,$ 2.205.621,15
732,101,TM-00101,2,$4.111.752,0
733,120,TM-00120,3,"$387.487,92",0
733,35,TM-00035,1,"$918.946,70",10
733,44,TM-00044,1,1.413.163,0
733,212,TM-00212,3,2.898.043,15
734,176,TM-00176,1,"4,581,655",0
734,37,TM-00037,2,$ 2.264.457,5
734,92,TM-00092,1,$3.229.192,5
735,86,TM-00086,1,$394.512,0
735,62,TM-00062,2,"$4,197,136",0
736,28,TM-00028,3,"$1.055.681,32",15
736,200,TM-00200,2,"$467.438,37",15
736,89,TM-00089,1,"$3,703,130",5
736,94,TM-00094,3,"$2,367,508",5
737,180,TM-00180,2,"$3,841,696",15
737,148,TM-00148,3,"1,518,588",5
737,150,TM-00150,3,"$2,191,835",5
738,120,TM-00120,3,"$387,487",0
738,181,TM-00181,1,$3.892.339,0
739,22,TM-00022,1,"1,843,042",5
739,69,TM-00069,1,$ 4.581.125,0
740,36,TM-00036,1,$1.353.991,0
740,30,TM-00030,2,"2,685,565",5
740,173,TM-00173,3,$ 474.283,5
740,46,TM-00046,1,"$3.998.434,97",0
741,112,TM-00112,2,"3,829,098",15
742,210,TM-00210,3,$ 3.909.572,5
742,84,TM-00084,1,4.880.133,5
742,6,TM-00006,3,"2,769,218",15
742,102,TM-00102,2,2.535.095,5
743,97,TM-00097,3,"2,618,642",0
743,177,TM-00177,2,"$174.657,60",15
743,65,TM-00065,2,$4.738.605,10
743,112,TM-00112,2,"3,829,098",0
744,116,TM-00116,3,"4,824,854",10
744,166,TM-00166,2,"$3.475.033,87",0
744,129,TM-00129,3,1.378.572,10
745,81,TM-00081,2,$1.722.358,0
745,93,TM-00093,3,"4,139,865",15
745,17,TM-00017,2,$ 3.498.575,0
745,134,TM-00134,2,"$4.309.212,15",0
746,170,TM-00170,1,"$3,769,366",5
746,15,TM-00015,2,$ 4.573.422,0
746,29,TM-00029,3,737.726,0
746,20,TM-00020,3,"$2.145.528,95",0
747,74,TM-00074,3,"$1,890,642",0
747,188,TM-00188,3,$3.189.864,5
748,54,TM-00054,1,4.304.051,0
748,63,TM-00063,2,$3.616.384,0
748,154,TM-00154,1,"$3.370.259,14",0
748,135,TM-00135,3,"4,914,749",15
749,217,TM-00217,2,622.826,5
749,62,TM-00062,1,"$4,197,136",0
749,152,TM-00152,3,"2,147,975",0
750,202,TM-00202,3,$2.945.519,10
750,70,TM-00070,3,$1.844.766,0
750,129,TM-00129,3,"1,378,572",0
751,9,TM-00009,3,$1.435.185,15
751,203,TM-00203,1,"$4,470,243",10
751,6,TM-00006,2,"$2,769,218",0
752,6,TM-00006,2,2.769.218,0
752,213,TM-00213,2,$4.501.035,10
753,129,TM-00129,1,"$1.378.572,66",10
753,207,TM-00207,2,3.020.969,15
754,75,TM-00075,3,"$3,441,654",0
754,202,TM-00202,2,2.945.519,0
754,148,TM-00148,2,"$1,518,588",0
754,137,TM-00137,2,"$1.632.530,95",0
755,56,TM-00056,2,"$4.824.000,14",0
755,122,TM-00122,3,$ 3.992.732,10
755,164,TM-00164,1,$ 2.011.440,15
756,131,TM-00131,2,"$2,498,312",0
756,86,TM-00086,2,$ 394.512,15
756,151,TM-00151,2,"$1,375,195",0
757,69,TM-00069,1,4.581.125,5
757,11,TM-00011,3,$ 4.391.740,0
757,133,TM-00133,2,4.313.433,10
757,38,TM-00038,1,$ 3.603.211,0
758,111,TM-00111,3,$2.062.134,5
758,124,TM-00124,2,"$357,837",0
758,219,TM-00219,2,$365.472,10
758,35,TM-00035,-2,$918.946,0
759,65,TM-00065,2,4.738.605,5
759,132,TM-00132,2,$2.094.563,5
759,66,TM-00066,1,"$4.645.883,54",0
759,2,TM-00002,2,$ 4.554.433,0
760,82,TM-00082,3,$4.780.919,15
760,192,TM-00192,2,$919.064,5
760,103,TM-00103,2,1.111.854,0
760,151,TM-00151,3,"$1,375,195",0
761,118,TM-00118,1,$384.376,0
761,147,TM-00147,3,"$1,271,127",0
761,80,TM-00080,1,$2.985.680,10
761,188,TM-00188,3,3.189.864,5
762,1,TM-00001,1,$3.976.287,5
762,210,TM-00210,2,"3,909,572",15
763,51,TM-00051,1,"4,340,127",0
763,217,TM-00217,1,"$622.826,46",10
763,150,TM-00150,2,"$2.191.835,70",5
764,116,TM-00116,3,"4,824,854",0
765,46,TM-00046,3,"$3.998.434,37",5
765,81,TM-00081,2,"1,722,358",0
765,40,TM-00040,2,"$131.115,31",0
765,217,TM-00217,3,"$622,826",10
766,160,TM-00160,2,"$2.205.621,78",15
766,207,TM-00207,1,3.020.969,0
766,193,TM-00193,2,"$957,801",15
767,86,TM-00086,3,394.512,0
768,196,TM-00196,1,$ 2.994.597,0
768,114,TM-00114,3,$4.997.513,15
768,92,TM-00092,1,$3.229.192,5
769,165,TM-00165,3,$1.906.962,0
769,125,TM-00125,3,3.440.466,0
769,78,TM-00078,3,$2.796.033,0
769,34,TM-00034,1,$2.587.697,0
770,197,TM-00197,2,1.240.130,15
770,5,TM-00005,1,"1,332,108",10
770,54,TM-00054,3,"4,304,051",0
771,201,TM-00201,3,3.758.135,0
771,108,TM-00108,2,"$3,541,120",0
772,91,TM-00091,2,"2,109,362",0
773,183,TM-00183,3,$ 1.294.314,10
773,6,TM-00006,2,$ 2.769.218,10
774,96,TM-00096,2,"3,809,560",5
774,210,TM-00210,1,$3.909.572,15
775,68,TM-00068,3,3.739.918,0
776,203,TM-00203,3,"4,470,243",0
776,199,TM-00199,2,"$2,771,120",15
777,9,TM-00009,1,$ 1.435.185,5
778,40,TM-00040,1,131.115,15
778,192,TM-00192,3,919.064,5
779,155,TM-00155,1,"$4.216.850,97",10
780,165,TM-00165,1,$1.906.962,10
780,8,TM-00008,1,"$630,596",0
780,188,TM-00188,3,$ 3.189.864,0
780,180,TM-00180,1,$3.841.696,5
781,214,TM-00214,3,"912,386",5
781,155,TM-00155,2,"4,216,850",10
782,38,TM-00038,1,3.603.211,0
782,117,TM-00117,2,$2.333.766,10
782,128,TM-00128,2,"$3,725,184",5
782,197,TM-00197,3,"$1,240,130",0
783,136,TM-00136,3,$ 2.945.109,0
783,25,TM-00025,2,561.349,0
783,146,TM-00146,3,$ 435.800,10
784,5,TM-00005,2,"1,332,108",10
785,107,TM-00107,2,$ 1.301.560,0
786,158,TM-00158,3,$806.093,0
786,24,TM-00024,2,1.348.529,10
786,56,TM-00056,2,4.824.000,0
787,204,TM-00204,2,509.544,0
787,201,TM-00201,1,"$3,758,135",10
788,114,TM-00114,3,"4,997,513",0
788,185,TM-00185,1,"$3.658.773,05",0
788,173,TM-00173,2,"$474.283,76",0
788,164,TM-00164,2,"2,011,440",0
789,188,TM-00188,3,"$3,189,864",5
789,111,TM-00111,2,"$2,062,134",0
789,23,TM-00023,2,"$2.274.684,49",0
789,163,TM-00163,2,$3.865.021,0
790,15,TM-00015,3,"$4,573,422",15
790,95,TM-00095,2,3.459.366,0
791,81,TM-00081,1,1.722.358,10
791,55,TM-00055,3,"1,117,767",5
792,2,TM-00002,1,"$4.554.433,47",15
792,71,TM-00071,2,3.537.767,15
792,166,TM-00166,3,"3,475,033",5
792,181,TM-00181,1,"3,892,339",0
793,41,TM-00041,2,"352,225",0
793,57,TM-00057,1,"$2,456,806",5
793,31,TM-00031,1,$2.702.286,15
794,141,TM-00141,3,1.259.263,0
794,140,TM-00140,3,$891.919,0
794,217,TM-00217,2,"622,826",0
795,109,TM-00109,1,$2.544.378,15
795,130,TM-00130,3,$1.934.925,15
796,16,TM-00016,1,"1,647,274",5
796,192,TM-00192,2,"$919,064",0
796,86,TM-00086,1,$394.512,15
796,191,TM-00191,3,$ 3.597.851,0
797,175,TM-00175,1,"1,287,774",10
797,220,TM-00220,1,$4.303.593,10
797,54,TM-00054,2,4.304.051,0
797,97,TM-00097,3,"2,618,642",5
798,18,TM-00018,3,3.427.432,0
798,107,TM-00107,3,"$1.301.560,61",0
798,198,TM-00198,3,$ 3.205.747,0
799,93,TM-00093,3,"$4.139.865,96",15
799,146,TM-00146,1,"$435,800",0
799,121,TM-00121,3,"1,572,441",5
799,94,TM-00094,2,"$2.367.508,92",5
800,36,TM-00036,3,$1.353.991,15
800,78,TM-00078,3,"$2,796,033",5
800,25,TM-00025,1,$561.349,5
800,82,TM-00082,3,"4,780,919",0
801,173,TM-00173,1,474.283,10
801,107,TM-00107,3,1.301.560,0
801,171,TM-00171,3,"$3,058,774",5
802,202,TM-00202,1,$ 2.945.519,0
802,101,TM-00101,2,$4.111.752,0
803,161,TM-00161,2,"$3,978,648",0
803,66,TM-00066,3,"4,645,883",0
803,155,TM-00155,1,4.216.850,0
804,106,TM-00106,1,$598.140,5
805,63,TM-00063,1,3.616.384,5
805,71,TM-00071,2,$ 3.537.767,5
805,97,TM-00097,1,2.618.642,0
805,86,TM-00086,2,"$394.512,58",10
806,207,TM-00207,1,"$3.020.969,23",0
807,133,TM-00133,1,"4,313,433",10
807,9,TM-00009,2,$1.435.185,5
808,177,TM-00177,1,"$174,657",0
808,212,TM-00212,2,$ 2.898.043,0
808,43,TM-00043,1,"$3,016,871",5
808,181,TM-00181,3,3.892.339,0
809,121,TM-00121,1,1.572.441,0
810,57,TM-00057,1,"2,456,806",10
811,212,TM-00212,1,"$2.898.043,67",10
811,109,TM-00109,1,"2,544,378",15
812,24,TM-00024,1,"$1,348,529",0
812,116,TM-00116,2,"4,824,854",15
812,35,TM-00035,2,"$918,946",0
812,149,TM-00149,3,$ 4.941.876,0
813,154,TM-00154,1,$ 3.370.259,10
813,60,TM-00060,2,1.934.422,10
813,55,TM-00055,3,$1.117.767,10
813,7,TM-00007,1,"2,058,671",0
814,47,TM-00047,2,"1,920,018",5
815,216,TM-00216,2,"3,815,690",5
815,141,TM-00141,2,1.259.263,0
815,210,TM-00210,2,"$3,909,572",15
816,16,TM-00016,1,$1.647.274,10
816,118,TM-00118,1,"384,376",0
817,217,TM-00217,1,"$622.826,48",0
817,154,TM-00154,1,"$3.370.259,26",15
818,163,TM-00163,1,"$3,865,021",0
818,11,TM-00011,2,"4,391,740",0
818,145,TM-00145,3,$875.800,0
819,96,TM-00096,1,"$3.809.560,26",15
820,147,TM-00147,2,1.271.127,0
820,143,TM-00143,3,"$2,706,346",10
820,79,TM-00079,2,"$3.586.342,70",5
820,31,TM-00031,1,"2,702,286",5
821,210,TM-00210,2,"3,909,572",0
821,99,TM-00099,2,"2,622,140",0
821,40,TM-00040,2,"$131.115,17",10
822,40,TM-00040,3,131.115,0
822,158,TM-00158,3,$ 806.093,0
822,106,TM-00106,1,"$598,140",0
822,200,TM-00200,2,"$467,438",0
823,189,TM-00189,3,$ 3.672.842,0
823,129,TM-00129,3,"1,378,572",0
823,81,TM-00081,2,"$1.722.358,64",10
823,179,TM-00179,1,"583,163",0
824,67,TM-00067,3,$ 2.224.256,10
824,147,TM-00147,3,$1.271.127,0
825,5,TM-00005,1,"1,332,108",0
825,119,TM-00119,3,"$1.970.357,88",0
825,115,TM-00115,3,$1.299.813,15
826,47,TM-00047,2,1.920.018,0
826,4,TM-00004,2,$ 942.638,0
827,37,TM-00037,1,$ 2.264.457,0
827,76,TM-00076,2,"4,530,553",15
827,51,TM-00051,3,$ 4.340.127,15
828,178,TM-00178,1,"$2.276.064,29",0
828,213,TM-00213,2,"$4,501,035",0
828,70,TM-00070,3,$1.844.766,5
828,116,TM-00116,2,"$4.824.854,42",10
829,48,TM-00048,1,2.391.470,15
829,190,TM-00190,3,"$4,760,928",10
829,157,TM-00157,3,380.700,0
829,62,TM-00062,1,$4.197.136,5
830,152,TM-00152,3,2.147.975,10
831,130,TM-00130,1,$1.934.925,0
831,90,TM-00090,3,"$4.105.871,67",0
831,159,TM-00159,2,$ 1.158.636,0
831,204,TM-00204,2,"$509,544",0
832,54,TM-00054,1,"4,304,051",10
832,193,TM-00193,1,"$957,801",0
832,8,TM-00008,3,$ 630.596,10
833,111,TM-00111,1,"2,062,134",15
833,66,TM-00066,1,"$4.645.883,10",0
833,36,TM-00036,3,1.353.991,15
833,96,TM-00096,2,$ 3.809.560,0
834,143,TM-00143,1,"2,706,346",0
835,113,TM-00113,3,"2,421,613",5
836,30,TM-00030,1,2.685.565,0
837,120,TM-00120,3,$387.487,10
837,47,TM-00047,1,1.920.018,5
837,99,TM-00099,3,"$2,622,140",15
837,27,TM-00027,2,"$624.798,83",15
838,191,TM-00191,2,"$3.597.851,41",0
838,61,TM-00061,3,"660,927",5
838,166,TM-00166,2,"3,475,033",0
839,14,TM-00014,3,$644.394,15
839,109,TM-00109,2,"$2.544.378,60",0
839,126,TM-00126,1,$ 3.516.571,10
839,191,TM-00191,3,$ 3.597.851,15
840,196,TM-00196,2,"2,994,597",10
840,116,TM-00116,3,"4,824,854",15
840,165,TM-00165,1,"$1.906.962,43",0
841,220,TM-00220,2,4.303.593,0
841,174,TM-00174,2,625.543,15
842,172,TM-00172,2,"$819,012",0
842,168,TM-00168,1,"3,162,270",0
843,214,TM-00214,1,$912.386,0
844,162,TM-00162,1,$ 3.118.343,5
844,199,TM-00199,1,"$2.771.120,03",15
844,115,TM-00115,2,"$1,299,813",10
844,181,TM-00181,3,$ 3.892.339,0
845,190,TM-00190,1,4.760.928,5
845,37,TM-00037,1,"$2,264,457",15
845,5,TM-00005,1,"$1,332,108",0
846,84,TM-00084,2,"4,880,133",5
846,91,TM-00091,3,"$2,109,362",10
846,56,TM-00056,3,"4,824,000",0
846,92,TM-00092,2,"$3.229.192,16",0
847,163,TM-00163,2,"3,865,021",0
847,64,TM-00064,1,"$4.725.858,26",0
847,143,TM-00143,3,"$2,706,346",0
847,200,TM-00200,1,$467.438,15
848,214,TM-00214,3,"$912.386,22",0
848,94,TM-00094,1,"$2,367,508",10
848,163,TM-00163,1,"$3.865.021,18",15
848,182,TM-00182,2,"955,649",15
849,33,TM-00033,2,$627.063,10
849,149,TM-00149,2,$4.941.876,0
849,132,TM-00132,1,$2.094.563,0
849,143,TM-00143,3,"2,706,346",5
850,149,TM-00149,1,4.941.876,15
850,101,TM-00101,2,"$4.111.752,62",10
850,9,TM-00009,2,"1,435,185",15
851,197,TM-00197,3,$ 1.240.130,5
851,11,TM-00011,2,$4.391.740,10
852,94,TM-00094,3,"2,367,508",15
852,81,TM-00081,3,$1.722.358,0
853,137,TM-00137,3,"1,632,530",5
854,187,TM-00187,3,"$3,539,574",5
855,152,TM-00152,2,$2.147.975,15
855,10,TM-00010,2,1.737.377,0
855,124,TM-00124,2,"$357,837",0
855,128,TM-00128,1,$ 3.725.184,0
856,9,TM-00009,2,$ 1.435.185,0
856,180,TM-00180,1,3.841.696,0
856,140,TM-00140,3,$891.919,15
857,31,TM-00031,3,2.702.286,0
858,190,TM-00190,2,4.760.928,5
859,86,TM-00086,1,$ 394.512,10
859,191,TM-00191,1,"3,597,851",0
859,94,TM-00094,1,$ 2.367.508,15
859,63,TM-00063,1,$ 3.616.384,10
860,98,TM-00098,2,"$3,619,384",0
860,117,TM-00117,3,$2.333.766,0
861,97,TM-00097,1,2.618.642,5
861,42,TM-00042,1,"$2,635,858",10
862,217,TM-00217,3,$622.826,10
863,88,TM-00088,1,"935,324",0
863,122,TM-00122,1,$ 3.992.732,5
863,63,TM-00063,3,$3.616.384,15
863,79,TM-00079,3,"$3,586,342",0
864,13,TM-00013,3,$ 645.533,15
864,89,TM-00089,1,"$3,703,130",0
864,160,TM-00160,2,"$2,205,621",0
864,130,TM-00130,2,$1.934.925,0
865,76,TM-00076,1,"$4,530,553",0
865,188,TM-00188,3,"$3.189.864,52",5
865,156,TM-00156,3,$ 1.644.942,5
865,125,TM-00125,2,$ 3.440.466,5
866,138,TM-00138,3,$416.140,0
866,82,TM-00082,3,$4.780.919,0
867,181,TM-00181,3,3.892.339,5
868,22,TM-00022,1,"$1,843,042",5
868,117,TM-00117,1,"$2.333.766,50",0
869,6,TM-00006,1,2.769.218,5
870,112,TM-00112,2,"3,829,098",0
870,107,TM-00107,2,$1.301.560,5
871,211,TM-00211,3,$3.704.719,10
871,86,TM-00086,3,"394,512",15
871,41,TM-00041,2,$ 352.225,0
871,187,TM-00187,3,$3.539.574,15
872,198,TM-00198,2,$3.205.747,0
872,63,TM-00063,3,"3,616,384",0
873,164,TM-00164,3,"2,011,440",0
874,166,TM-00166,3,$3.475.033,15
874,60,TM-00060,3,"$1,934,422",5
874,47,TM-00047,2,$1.920.018,10
875,141,TM-00141,3,"1,259,263",5
876,119,TM-00119,2,"$1,970,357",0
877,115,TM-00115,3,"1,299,813",0
877,168,TM-00168,3,$3.162.270,10
877,64,TM-00064,1,4.725.858,0
877,78,TM-00078,3,"$2.796.033,01",0
878,116,TM-00116,2,$4.824.854,0
878,206,TM-00206,3,1.133.688,0
878,90,TM-00090,2,$ 4.105.871,5
879,99,TM-00099,1,"$2,622,140",5
879,198,TM-00198,1,"$3,205,747",0
879,24,TM-00024,3,"$1,348,529",10
879,11,TM-00011,2,"4,391,740",10
880,110,TM-00110,3,"882,431",15
881,47,TM-00047,2,"$1,920,018",0
882,120,TM-00120,1,387.487,15
883,188,TM-00188,3,3.189.864,0
883,118,TM-00118,2,"384,376",15
883,45,TM-00045,2,$ 2.131.777,5
883,128,TM-00128,1,"$3,725,184",5
884,125,TM-00125,2,$3.440.466,0
884,119,TM-00119,2,"1,970,357",15
884,59,TM-00059,1,"$2,430,572",5
884,107,TM-00107,2,$ 1.301.560,0
885,129,TM-00129,3,1.378.572,0
885,79,TM-00079,1,"3,586,342",5
886,57,TM-00057,2,"2,456,806",0
886,11,TM-00011,3,"$4,391,740",5
886,142,TM-00142,1,$ 3.384.331,15
887,11,TM-00011,2,$4.391.740,10
887,194,TM-00194,2,$ 1.947.159,0
887,141,TM-00141,3,"$1,259,263",0
888,125,TM-00125,3,$ 3.440.466,5
888,55,TM-00055,1,$1.117.767,0
888,87,TM-00087,1,"$4.294.306,50",0
889,198,TM-00198,2,3.205.747,10
889,177,TM-00177,3,174.657,0
890,48,TM-00048,2,$2.391.470,5
890,55,TM-00055,1,"$1,117,767",15
890,46,TM-00046,1,3.998.434,5
890,12,TM-00012,2,$ 226.448,10
891,28,TM-00028,1,"$1.055.681,78",0
892,166,TM-00166,2,$ 3.475.033,0
892,160,TM-00160,2,2.205.621,10
893,179,TM-00179,3,$583.163,0
894,28,TM-00028,3,"$1.055.681,77",10
894,166,TM-00166,3,"$3,475,033",5
895,181,TM-00181,1,"$3.892.339,77",0
896,176,TM-00176,2,"$4,581,655",10
896,35,TM-00035,3,"$918,946",0
896,149,TM-00149,2,"4,941,876",0
897,211,TM-00211,3,"$3.704.719,20",0
897,196,TM-00196,3,"2,994,597",5
898,193,TM-00193,3,"$957,801",5
898,81,TM-00081,1,$ 1.722.358,10
898,118,TM-00118,3,$384.376,5
899,151,TM-00151,2,"$1,375,195",0
899,23,TM-00023,1,$ 2.274.684,15
899,38,TM-00038,1,$3.603.211,15
899,209,TM-00209,2,"3,553,870",0
900,217,TM-00217,2,"$622,826",10
901,69,TM-00069,2,4.581.125,5
901,220,TM-00220,2,"$4.303.593,06",0
902,195,TM-00195,3,2.293.514,0
902,142,TM-00142,1,$ 3.384.331,0
902,138,TM-00138,3,"416,140",0
902,149,TM-00149,3,$4.941.876,0
903,66,TM-00066,3,"$4,645,883",0
903,73,TM-00073,1,"3,565,005",0
903,100,TM-00100,1,"$1.052.897,53",0
904,215,TM-00215,1,"682,109",15
905,32,TM-00032,3,"664,555",0
906,157,TM-00157,3,"$380.700,42",0
907,66,TM-00066,3,"$4,645,883",10
907,2,TM-00002,1,"4,554,433",5
907,105,TM-00105,1,"$3,744,920",15
908,123,TM-00123,1,$ 2.816.593,10
908,24,TM-00024,1,"$1.348.529,38",0
908,115,TM-00115,1,1.299.813,0
908,71,TM-00071,2,"$3,537,767",0
909,216,TM-00216,1,$ 3.815.690,0
909,30,TM-00030,2,"2,685,565",15
909,51,TM-00051,3,4.340.127,0
910,169,TM-00169,3,$ 880.653,15
911,4,TM-00004,3,"$942.638,80",5
912,131,TM-00131,3,$ 2.498.312,15
912,198,TM-00198,3,3.205.747,15
912,168,TM-00168,1,$3.162.270,10
913,212,TM-00212,2,"2,898,043",5
913,196,TM-00196,2,"$2.994.597,00",10
913,140,TM-00140,3,$ 891.919,0
913,188,TM-00188,1,$ 3.189.864,10
914,80,TM-00080,2,"2,985,680",5
914,210,TM-00210,2,3.909.572,0
914,31,TM-00031,1,$2.702.286,15
914,2,TM-00002,2,"4,554,433",5
915,29,TM-00029,2,"$737.726,63",0
915,125,TM-00125,2,3.440.466,15
915,85,TM-00085,1,"2,087,168",0
915,133,TM-00133,3,$4.313.433,0
916,44,TM-00044,1,"$1,413,163",5
916,119,TM-00119,2,$1.970.357,0
917,218,TM-00218,2,$ 521.205,0
917,136,TM-00136,2,$2.945.109,15
917,150,TM-00150,1,"$2.191.835,91",0
917,185,TM-00185,1,$3.658.773,0
918,81,TM-00081,2,$ 1.722.358,0
918,125,TM-00125,2,"$3,440,466",15
918,122,TM-00122,1,$ 3.992.732,0
918,38,TM-00038,3,$3.603.211,0
919,23,TM-00023,3,"$2,274,684",0
919,90,TM-00090,2,"$4,105,871",10
919,191,TM-00191,2,$3.597.851,0
920,131,TM-00131,3,2.498.312,5
920,217,TM-00217,2,622.826,10
920,170,TM-00170,2,"$3,769,366",10
921,49,TM-00049,1,$ 281.530,5
921,30,TM-00030,3,$2.685.565,5
922,15,TM-00015,3,4.573.422,5
923,130,TM-00130,2,1.934.925,0
923,50,TM-00050,2,$ 959.346,0
924,216,TM-00216,2,$ 3.815.690,0
924,48,TM-00048,2,$2.391.470,0
925,194,TM-00194,2,$ 1.947.159,15
926,170,TM-00170,2,"$3,769,366",0
926,28,TM-00028,1,"$1,055,681",0
926,178,TM-00178,1,"$2,276,064",0
927,113,TM-00113,3,2.421.613,0
927,122,TM-00122,3,"$3,992,732",5
927,4,TM-00004,2,"$942,638",0
927,94,TM-00094,2,"$2,367,508",5
928,103,TM-00103,1,"$1,111,854",0
929,5,TM-00005,3,$1.332.108,5
930,220,TM-00220,3,"$4,303,593",10
930,174,TM-00174,1,"$625,543",10
930,81,TM-00081,1,1.722.358,15
931,113,TM-00113,3,$2.421.613,0
931,76,TM-00076,1,$4.530.553,0
932,10,TM-00010,3,"$1,737,377",0
932,93,TM-00093,3,4.139.865,5
932,211,TM-00211,3,"$3.704.719,42",5
932,159,TM-00159,3,1.158.636,0
933,185,TM-00185,1,$3.658.773,15
933,41,TM-00041,3,$352.225,10
934,197,TM-00197,1,$ 1.240.130,10
934,182,TM-00182,2,"$955.649,28",0
935,57,TM-00057,3,2.456.806,0
935,36,TM-00036,1,1.353.991,0
935,29,TM-00029,3,737.726,0
935,33,TM-00033,1,"$627.063,87",0
936,202,TM-00202,2,$2.945.519,0
936,70,TM-00070,1,"$1,844,766",10
937,54,TM-00054,3,"4,304,051",0
937,158,TM-00158,2,$ 806.093,0
938,100,TM-00100,3,$ 1.052.897,15
938,26,TM-00026,3,$ 4.268.214,10
938,118,TM-00118,2,$ 384.376,0
938,207,TM-00207,1,3.020.969,0
939,177,TM-00177,3,"$174.657,26",15
939,16,TM-00016,1,$ 1.647.274,10
939,113,TM-00113,2,"$2,421,613",0
940,4,TM-00004,2,"$942,638",0
941,163,TM-00163,2,"$3,865,021",5
941,50,TM-00050,3,"$959,346",0
941,100,TM-00100,2,1.052.897,5
942,211,TM-00211,1,"$3,704,719",0
943,160,TM-00160,2,"2,205,621",0
944,159,TM-00159,3,"$1,158,636",0
944,118,TM-00118,2,$ 384.376,0
944,62,TM-00062,1,"4,197,136",0
944,63,TM-00063,1,"$3,616,384",0
945,129,TM-00129,1,$1.378.572,0
945,208,TM-00208,1,$ 3.906.698,0
945,6,TM-00006,3,$2.769.218,0
945,124,TM-00124,2,357.837,10
946,106,TM-00106,3,$ 598.140,15
947,77,TM-00077,2,"$3.645.464,94",5
947,210,TM-00210,2,$ 3.909.572,0
947,29,TM-00029,1,"$737.726,29",10
947,100,TM-00100,1,$1.052.897,15
948,121,TM-00121,1,"$1,572,441",0
948,210,TM-00210,3,3.909.572,5
948,164,TM-00164,1,2.011.440,15
949,147,TM-00147,2,$1.271.127,0
949,93,TM-00093,3,"$4,139,865",0
949,22,TM-00022,2,$ 1.843.042,5
950,29,TM-00029,2,$737.726,15
950,120,TM-00120,3,"387,487",0
951,201,TM-00201,3,3.758.135,5
951,139,TM-00139,3,$ 1.325.951,10
952,164,TM-00164,3,"2,011,440",5
952,63,TM-00063,2,3.616.384,10
952,39,TM-00039,3,$ 1.405.447,0
953,179,TM-00179,1,$ 583.163,15
953,104,TM-00104,2,$ 4.167.788,0
954,191,TM-00191,3,"$3,597,851",0
954,115,TM-00115,3,$1.299.813,15
955,63,TM-00063,3,$3.616.384,15
955,144,TM-00144,2,"$2,019,395",0
955,34,TM-00034,3,"$2,587,697",0
955,56,TM-00056,3,"4,824,000",5
956,114,TM-00114,3,"4,997,513",0
957,36,TM-00036,1,"$1,353,991",10
957,92,TM-00092,3,$3.229.192,0
957,177,TM-00177,1,"174,657",0
958,202,TM-00202,2,"2,945,519",5
959,172,TM-00172,2,819.012,5
959,145,TM-00145,2,$ 875.800,0
959,156,TM-00156,2,1.644.942,5
960,108,TM-00108,2,3.541.120,0
960,95,TM-00095,2,"$3,459,366",15
960,184,TM-00184,2,$2.777.853,5
961,68,TM-00068,2,$3.739.918,0
962,73,TM-00073,2,"3,565,005",5
963,124,TM-00124,3,"$357,837",5
963,60,TM-00060,1,$ 1.934.422,0
964,96,TM-00096,2,3.809.560,0
964,95,TM-00095,3,"$3.459.366,11",10
965,159,TM-00159,1,$ 1.158.636,5
965,202,TM-00202,2,"$2,945,519",0
965,171,TM-00171,1,"3,058,774",0
965,198,TM-00198,3,3.205.747,0
966,155,TM-00155,1,$ 4.216.850,5
966,127,TM-00127,3,$3.758.108,15
967,120,TM-00120,1,$ 387.487,15
967,85,TM-00085,2,"$2,087,168",15
967,59,TM-00059,1,"$2,430,572",0
967,129,TM-00129,1,"1,378,572",0
968,174,TM-00174,3,"625,543",10
969,159,TM-00159,1,$1.158.636,0
969,20,TM-00020,1,"$2.145.528,29",0
969,144,TM-00144,3,$2.019.395,0
969,2,TM-00002,2,"4,554,433",5
970,77,TM-00077,3,3.645.464,0
970,114,TM-00114,2,"$4,997,513",15
971,165,TM-00165,1,"$1.906.962,51",10
971,51,TM-00051,1,"$4,340,127",0
971,19,TM-00019,1,"4,548,690",0
971,171,TM-00171,2,3.058.774,0
972,47,TM-00047,3,"1,920,018",10
972,199,TM-00199,1,2.771.120,0
972,171,TM-00171,1,"$3,058,774",0
973,2,TM-00002,1,"$4.554.433,65",0
973,116,TM-00116,2,"$4.824.854,51",10
974,187,TM-00187,2,3.539.574,10
975,165,TM-00165,2,"1,906,962",5
975,35,TM-00035,1,$918.946,5
976,3,TM-00003,2,"$3,856,110",10
976,162,TM-00162,1,"$3.118.343,03",15
976,101,TM-00101,1,$ 4.111.752,5
976,208,TM-00208,-3,"3,906,698",10
977,140,TM-00140,3,$891.919,0
977,130,TM-00130,2,"1,934,925",0
977,176,TM-00176,3,"$4,581,655",0
977,155,TM-00155,3,$4.216.850,0
978,62,TM-00062,3,$4.197.136,10
978,63,TM-00063,2,$ 3.616.384,0
978,94,TM-00094,2,$ 2.367.508,10
979,216,TM-00216,3,"$3,815,690",10
979,119,TM-00119,3,"$1.970.357,94",15
979,118,TM-00118,1,$ 384.376,0
980,134,TM-00134,2,4.309.212,0
980,177,TM-00177,3,174.657,0
980,44,TM-00044,2,"$1,413,163",0
981,22,TM-00022,3,1.843.042,0
981,1,TM-00001,1,$3.976.287,15
982,154,TM-00154,1,"$3,370,259",15
982,183,TM-00183,3,"$1,294,314",0
983,173,TM-00173,2,"$474.283,13",0
983,214,TM-00214,2,$912.386,5
983,56,TM-00056,3,4.824.000,0
983,124,TM-00124,3,"$357.837,29",5
984,55,TM-00055,3,1.117.767,5
984,213,TM-00213,1,4.501.035,0
984,52,TM-00052,1,$3.707.915,0
984,139,TM-00139,2,1.325.951,5
985,211,TM-00211,2,$3.704.719,5
986,147,TM-00147,1,1.271.127,0
987,101,TM-00101,1,"$4,111,752",15
987,124,TM-00124,3,"$357.837,98",0
988,103,TM-00103,1,"$1,111,854",0
988,102,TM-00102,3,$2.535.095,10
989,9,TM-00009,1,$ 1.435.185,0
989,16,TM-00016,2,"$1.647.274,13",0
989,95,TM-00095,3,3.459.366,10
990,27,TM-00027,1,"$624,798",0
991,154,TM-00154,1,"$3.370.259,06",0
991,14,TM-00014,1,$ 644.394,15
991,203,TM-00203,2,"4,470,243",5
992,29,TM-00029,2,"737,726",0
992,8,TM-00008,3,$ 630.596,5
992,21,TM-00021,3,"173,797",5
992,99,TM-00099,1,"$2.622.140,17",10
993,141,TM-00141,1,1.259.263,5
993,109,TM-00109,3,"2,544,378",10
993,48,TM-00048,2,$ 2.391.470,5
994,37,TM-00037,2,"$2,264,457",0
994,176,TM-00176,1,4.581.655,0
995,106,TM-00106,1,"$598.140,94",15
995,215,TM-00215,3,682.109,0
995,25,TM-00025,3,"$561,349",15
995,60,TM-00060,1,"$1,934,422",5
996,90,TM-00090,2,$4.105.871,0
996,111,TM-00111,2,$ 2.062.134,0
996,140,TM-00140,2,$ 891.919,0
996,209,TM-00209,2,"$3,553,870",0
997,28,TM-00028,1,"$1.055.681,32",5
997,2,TM-00002,2,"$4.554.433,86",0
998,128,TM-00128,1,3.725.184,10
998,172,TM-00172,2,"$819.012,69",5
998,56,TM-00056,1,$4.824.000,0
999,181,TM-00181,1,$ 3.892.339,10
999,114,TM-00114,1,"$4,997,513",0
999,108,TM-00108,1,"$3.541.120,00",10
1000,111,TM-00111,1,2.062.134,0
1000,107,TM-00107,3,$ 1.301.560,15
1001,192,TM-00192,2,"919,064",10
1002,201,TM-00201,1,"3,758,135",0
1002,25,TM-00025,3,$561.349,0
1002,179,TM-00179,3,"583,163",10
1003,80,TM-00080,3,"2,985,680",0
1003,84,TM-00084,3,"$4.880.133,48",0
1004,79,TM-00079,3,$ 3.586.342,10
1004,130,TM-00130,1,"$1,934,925",0
1005,90,TM-00090,3,"$4,105,871",5
1005,94,TM-00094,3,"$2,367,508",10
1005,177,TM-00177,2,"$174,657",10
1005,1,TM-00001,3,$ 3.976.287,15
1006,143,TM-00143,1,$ 2.706.346,0
1007,35,TM-00035,2,$ 918.946,0
1007,64,TM-00064,1,"4,725,858",0
1007,104,TM-00104,2,4.167.788,0
1007,130,TM-00130,1,$1.934.925,0
1008,209,TM-00209,2,3.553.870,0
1008,198,TM-00198,1,$ 3.205.747,0
1008,132,TM-00132,1,$2.094.563,5
1009,29,TM-00029,1,"$737,726",5
1009,86,TM-00086,1,394.512,0
1009,106,TM-00106,1,"598,140",15
1009,40,TM-00040,1,"$131.115,69",0
1010,56,TM-00056,3,"$4.824.000,37",0
1011,3,TM-00003,2,"3,856,110",0
1011,134,TM-00134,2,4.309.212,10
1011,33,TM-00033,1,$627.063,0
1012,177,TM-00177,1,$ 174.657,5
1012,116,TM-00116,2,4.824.854,0
1012,94,TM-00094,3,"$2.367.508,64",5
1013,120,TM-00120,2,387.487,5
1014,40,TM-00040,1,"$131.115,67",5
1015,43,TM-00043,2,$ 3.016.871,5
1015,130,TM-00130,1,"$1,934,925",0
1015,138,TM-00138,1,"$416.140,69",0
1015,66,TM-00066,1,"$4,645,883",0
1016,156,TM-00156,1,1.644.942,0
1016,200,TM-00200,1,"$467.438,55",0
1016,173,TM-00173,1,"$474.283,61",0
1017,146,TM-00146,1,"$435,800",15
1018,192,TM-00192,3,"919,064",15
1018,176,TM-00176,2,"$4,581,655",10
1018,215,TM-00215,1,$682.109,15
1019,27,TM-00027,2,"$624.798,65",5
1020,64,TM-00064,2,4.725.858,0
1020,120,TM-00120,1,"387,487",10
1020,76,TM-00076,1,"4,530,553",0
1021,171,TM-00171,2,"$3,058,774",15
1021,179,TM-00179,2,"$583.163,74",5
1021,79,TM-00079,3,"$3,586,342",0
1022,154,TM-00154,1,3.370.259,5
1022,41,TM-00041,2,352.225,5
1022,176,TM-00176,1,"$4,581,655",5
1023,206,TM-00206,2,"$1.133.688,40",10
1023,210,TM-00210,1,"$3.909.572,47",5
1023,18,TM-00018,2,$3.427.432,0
1023,216,TM-00216,2,$ 3.815.690,0
1024,4,TM-00004,1,"942,638",0
1025,68,TM-00068,1,"$3,739,918",5
1026,176,TM-00176,1,$ 4.581.655,0
1027,44,TM-00044,1,"$1,413,163",0
1028,141,TM-00141,3,"$1,259,263",0
1029,40,TM-00040,2,"$131,115",10
1030,22,TM-00022,2,1.843.042,0
1030,90,TM-00090,3,$4.105.871,0
1030,5,TM-00005,2,$1.332.108,15
1030,137,TM-00137,3,$ 1.632.530,5
1031,175,TM-00175,3,"$1,287,774",0
1031,207,TM-00207,1,3.020.969,0
1032,52,TM-00052,-2,"$3.707.915,84",0
1033,166,TM-00166,3,"$3.475.033,51",0
1033,59,TM-00059,2,"$2,430,572",15
1033,168,TM-00168,1,3.162.270,0
1034,134,TM-00134,1,"4,309,212",5
1034,29,TM-00029,2,"$737,726",15
1034,142,TM-00142,2,$ 3.384.331,15
1034,94,TM-00094,2,"2,367,508",5
1035,53,TM-00053,1,"$3,667,984",0
1036,161,TM-00161,1,$ 3.978.648,10
1036,125,TM-00125,3,3.440.466,5
1037,56,TM-00056,3,"$4,824,000",0
1037,52,TM-00052,2,"$3.707.915,01",0
1037,97,TM-00097,1,$2.618.642,5
1038,220,TM-00220,3,"$4,303,593",5
1038,87,TM-00087,3,"$4,294,306",10
1038,70,TM-00070,3,"$1,844,766",10
1039,27,TM-00027,3,624.798,5
1039,43,TM-00043,1,$3.016.871,0
1039,34,TM-00034,2,2.587.697,0
1040,103,TM-00103,2,$ 1.111.854,10
1040,159,TM-00159,1,$ 1.158.636,5
1041,180,TM-00180,2,"$3,841,696",0
1041,105,TM-00105,3,$ 3.744.920,0
1041,9,TM-00009,1,$1.435.185,0
1041,185,TM-00185,2,$3.658.773,0
1042,22,TM-00022,1,$ 1.843.042,10
1042,146,TM-00146,3,"$435.800,83",15
1042,36,TM-00036,2,"1,353,991",10
1042,10,TM-00010,3,"1,737,377",0
1043,1,TM-00001,1,"$3,976,287",10
1043,14,TM-00014,3,"$644.394,56",0
1043,150,TM-00150,1,$2.191.835,15
1044,218,TM-00218,1,"$521,205",15
1045,22,TM-00022,3,"1,843,042",0
1045,128,TM-00128,2,"3,725,184",0
1046,207,TM-00207,1,$3.020.969,0
1046,147,TM-00147,1,1.271.127,0
1047,146,TM-00146,2,435.800,15
1048,36,TM-00036,1,$1.353.991,10
1048,16,TM-00016,2,$ 1.647.274,15
1048,205,TM-00205,1,2.478.058,10
1048,212,TM-00212,1,"2,898,043",0
1049,161,TM-00161,2,"$3,978,648",15
1049,98,TM-00098,2,"$3,619,384",0
1050,26,TM-00026,1,$4.268.214,10
1050,98,TM-00098,3,"3,619,384",5
1051,98,TM-00098,2,3.619.384,0
1051,72,TM-00072,3,"$4.879.240,05",0
1051,68,TM-00068,1,$3.739.918,0
1051,18,TM-00018,1,"$3.427.432,29",5
1052,125,TM-00125,3,$ 3.440.466,0
1052,69,TM-00069,2,$4.581.125,5
1052,146,TM-00146,1,$435.800,0
1052,14,TM-00014,1,"$644.394,97",10
1053,97,TM-00097,1,$2.618.642,10
1053,110,TM-00110,1,$ 882.431,15
1053,17,TM-00017,2,"$3,498,575",0
1054,169,TM-00169,3,"$880,653",0
1054,12,TM-00012,3,226.448,0
1054,29,TM-00029,2,"$737,726",0
1055,111,TM-00111,2,$ 2.062.134,15
1055,85,TM-00085,2,$ 2.087.168,5
1055,184,TM-00184,1,"$2,777,853",0
1055,58,TM-00058,2,"$3,755,969",0
1056,208,TM-00208,1,"$3,906,698",0
1056,28,TM-00028,2,1.055.681,0
1056,75,TM-00075,2,"3,441,654",0
1057,219,TM-00219,3,$365.472,10
1058,13,TM-00013,1,$645.533,0
1058,210,TM-00210,2,$ 3.909.572,0
1058,145,TM-00145,3,"$875,800",0
1058,191,TM-00191,2,"3,597,851",15
1059,104,TM-00104,2,$4.167.788,0
1060,64,TM-00064,1,"$4.725.858,05",0
1060,73,TM-00073,1,"3,565,005",0
1061,21,TM-00021,3,$173.797,15
1061,82,TM-00082,3,$ 4.780.919,0
1062,166,TM-00166,1,"$3,475,033",5
1062,146,TM-00146,1,"435,800",10
1063,120,TM-00120,3,"387,487",5
1063,24,TM-00024,3,"$1.348.529,04",0
1063,125,TM-00125,2,3.440.466,0
1063,214,TM-00214,3,"912,386",0
1064,154,TM-00154,3,3.370.259,0
1064,135,TM-00135,3,"4,914,749",0
1065,214,TM-00214,1,$912.386,15
1065,22,TM-00022,1,"$1.843.042,95",15
1066,186,TM-00186,3,"3,657,688",0
1067,213,TM-00213,3,$4.501.035,15
1067,109,TM-00109,1,"2,544,378",0
1068,121,TM-00121,3,"1,572,441",0
1068,28,TM-00028,1,"$1,055,681",5
1069,14,TM-00014,2,"644,394",0
1070,52,TM-00052,1,3.707.915,5
1070,135,TM-00135,1,"$4,914,749",0
1070,198,TM-00198,1,"$3.205.747,67",0
1071,181,TM-00181,2,"$3.892.339,45",0
1071,194,TM-00194,3,$1.947.159,0
1071,151,TM-00151,2,$1.375.195,0
1071,36,TM-00036,3,$ 1.353.991,0
1072,118,TM-00118,1,384.376,15
1073,162,TM-00162,3,"$3,118,343",0
1073,7,TM-00007,3,"2,058,671",0
1073,53,TM-00053,3,"$3,667,984",0
1074,189,TM-00189,1,"$3,672,842",0
1075,206,TM-00206,1,1.133.688,0
1075,180,TM-00180,3,"3,841,696",10
1076,197,TM-00197,2,$1.240.130,15
1076,172,TM-00172,2,"819,012",10
1076,157,TM-00157,1,"380,700",15
1076,70,TM-00070,2,"$1.844.766,18",15
1077,172,TM-00172,1,"$819,012",0
1077,83,TM-00083,2,"$1.010.771,14",5
1077,210,TM-00210,1,"$3,909,572",10
1078,113,TM-00113,3,"$2,421,613",0
1079,196,TM-00196,3,"2,994,597",10
1080,67,TM-00067,2,$2.224.256,0
1081,55,TM-00055,2,$1.117.767,0
1082,202,TM-00202,1,"$2.945.519,79",5
1082,14,TM-00014,3,644.394,0
1083,168,TM-00168,1,3.162.270,0
1083,150,TM-00150,3,"$2.191.835,11",10
1083,201,TM-00201,1,"3,758,135",10
1084,77,TM-00077,1,3.645.464,15
1084,52,TM-00052,1,"$3,707,915",15
1085,176,TM-00176,3,"$4,581,655",0
1086,164,TM-00164,3,"$2.011.440,12",0
1086,28,TM-00028,1,"1,055,681",0
1087,144,TM-00144,2,2.019.395,5
1087,147,TM-00147,1,1.271.127,0
1088,46,TM-00046,1,3.998.434,0
1089,13,TM-00013,3,$645.533,10
1089,96,TM-00096,3,"$3.809.560,25",10
1089,78,TM-00078,3,"2,796,033",10
1090,147,TM-00147,2,"$1,271,127",5
1090,172,TM-00172,1,"819,012",10
1091,185,TM-00185,2,"3,658,773",0
1091,209,TM-00209,2,"$3.553.870,49",10
1092,146,TM-00146,3,$ 435.800,5
1093,60,TM-00060,1,1.934.422,10
1093,154,TM-00154,3,"3,370,259",10
1094,131,TM-00131,2,"2,498,312",10
1094,146,TM-00146,1,$435.800,0
1094,26,TM-00026,1,"4,268,214",5
1095,48,TM-00048,3,"$2.391.470,26",5
1095,198,TM-00198,1,3.205.747,5
1096,121,TM-00121,2,$ 1.572.441,0
1096,193,TM-00193,1,957.801,0
1096,171,TM-00171,1,"$3,058,774",15
1097,39,TM-00039,1,$ 1.405.447,15
1098,122,TM-00122,3,$3.992.732,15
1099,66,TM-00066,2,4.645.883,0
1099,83,TM-00083,1,"1,010,771",0
1099,11,TM-00011,3,$4.391.740,0
1100,190,TM-00190,2,"4,760,928",10
1100,149,TM-00149,3,4.941.876,0
1101,102,TM-00102,3,2.535.095,0
1102,17,TM-00017,3,$3.498.575,10
1102,124,TM-00124,2,$ 357.837,10
1102,32,TM-00032,1,$ 664.555,5
1103,114,TM-00114,2,"4,997,513",0
1103,147,TM-00147,3,$1.271.127,0
1104,191,TM-00191,3,$3.597.851,5
1105,113,TM-00113,3,"2,421,613",0
1105,65,TM-00065,1,$ 4.738.605,10
1105,139,TM-00139,3,$ 1.325.951,10
1105,138,TM-00138,-1,$ 416.140,0
1106,95,TM-00095,3,"$3,459,366",0
1106,144,TM-00144,3,"$2,019,395",10
1106,97,TM-00097,3,2.618.642,0
1107,31,TM-00031,2,"$2.702.286,23",15
1107,99,TM-00099,1,$2.622.140,10
1108,199,TM-00199,3,"$2,771,120",5
1108,75,TM-00075,3,3.441.654,15
1109,37,TM-00037,3,$ 2.264.457,0
1109,61,TM-00061,2,"$660,927",15
1109,185,TM-00185,3,"3,658,773",10
1109,121,TM-00121,2,1.572.441,0
1110,124,TM-00124,3,357.837,5
1110,24,TM-00024,1,1.348.529,0
1110,195,TM-00195,2,$2.293.514,0
1111,3,TM-00003,3,"3,856,110",15
1111,43,TM-00043,1,"$3,016,871",0
1111,183,TM-00183,1,"$1,294,314",15
1112,123,TM-00123,1,2.816.593,15
1113,46,TM-00046,2,3.998.434,15
1113,108,TM-00108,1,"3,541,120",5
1113,114,TM-00114,3,4.997.513,15
1114,213,TM-00213,1,"$4,501,035",0
1114,173,TM-00173,1,$ 474.283,0
1115,87,TM-00087,3,"4,294,306",0
1115,101,TM-00101,1,$ 4.111.752,0
1115,112,TM-00112,1,3.829.098,0
1115,129,TM-00129,3,"1,378,572",10
1116,107,TM-00107,3,$ 1.301.560,0
1117,45,TM-00045,1,$2.131.777,5
1117,1,TM-00001,1,"$3,976,287",15
1118,54,TM-00054,3,4.304.051,5
1118,108,TM-00108,3,3.541.120,15
1118,178,TM-00178,3,$ 2.276.064,0
1118,153,TM-00153,1,2.039.825,0
1119,195,TM-00195,3,"$2.293.514,28",10
1119,105,TM-00105,1,"3,744,920",0
1120,93,TM-00093,3,"$4,139,865",0
1120,75,TM-00075,3,"3,441,654",5
1120,48,TM-00048,1,$ 2.391.470,10
1121,112,TM-00112,1,$ 3.829.098,0
1122,17,TM-00017,3,$3.498.575,0
1123,26,TM-00026,2,4.268.214,0
1123,15,TM-00015,1,"$4.573.422,59",15
1124,154,TM-00154,2,"$3,370,259",0
1124,169,TM-00169,1,"$880,653",0
1124,183,TM-00183,1,$ 1.294.314,15
1125,106,TM-00106,1,"598,140",5
1125,220,TM-00220,2,"$4.303.593,90",5
1125,214,TM-00214,2,912.386,15
1126,211,TM-00211,1,$3.704.719,0
1127,25,TM-00025,2,"$561.349,01",0
1128,17,TM-00017,1,$3.498.575,0
1128,178,TM-00178,2,$ 2.276.064,0
1129,37,TM-00037,3,2.264.457,15
1129,127,TM-00127,1,"$3,758,108",10
1129,207,TM-00207,1,$ 3.020.969,10
1129,177,TM-00177,2,174.657,0
1130,69,TM-00069,1,"$4.581.125,40",0
1130,24,TM-00024,2,"1,348,529",0
1130,54,TM-00054,2,"$4.304.051,34",15
1130,200,TM-00200,3,"$467,438",15
1131,4,TM-00004,1,$942.638,0
1132,149,TM-00149,3,"4,941,876",10
1132,73,TM-00073,3,"$3.565.005,35",0
1132,183,TM-00183,2,"$1,294,314",0
1133,137,TM-00137,2,1.632.530,10
1133,38,TM-00038,3,$ 3.603.211,10
1134,141,TM-00141,1,$ 1.259.263,10
1134,187,TM-00187,2,$3.539.574,0
1134,23,TM-00023,3,$2.274.684,0
1134,147,TM-00147,3,$ 1.271.127,5
1135,49,TM-00049,3,"$281,530",10
1135,83,TM-00083,1,"1,010,771",0
1135,69,TM-00069,1,$ 4.581.125,0
1136,33,TM-00033,2,$627.063,10
1137,71,TM-00071,1,3.537.767,15
1137,220,TM-00220,2,"$4.303.593,54",0
1137,15,TM-00015,3,$4.573.422,0
1137,70,TM-00070,2,1.844.766,10
1138,99,TM-00099,3,"2,622,140",0
1138,151,TM-00151,3,"$1.375.195,81",10
1139,50,TM-00050,3,"959,346",10
1139,190,TM-00190,3,"$4.760.928,12",5
1140,39,TM-00039,2,1.405.447,15
1140,15,TM-00015,2,"$4,573,422",0
1141,59,TM-00059,3,"2,430,572",5
1142,100,TM-00100,1,$ 1.052.897,0
1142,167,TM-00167,1,$ 1.024.089,0
1142,163,TM-00163,2,3.865.021,10
1143,17,TM-00017,1,3.498.575,5
1144,175,TM-00175,2,"$1,287,774",0
1144,83,TM-00083,1,"1,010,771",0
1144,7,TM-00007,2,$2.058.671,10
1144,98,TM-00098,1,"3,619,384",0
1145,24,TM-00024,2,"$1.348.529,48",10
1146,188,TM-00188,2,$3.189.864,5
1147,42,TM-00042,1,$ 2.635.858,15
1147,58,TM-00058,2,"3,755,969",0
1148,71,TM-00071,2,"$3.537.767,44",0
1148,44,TM-00044,1,"1,413,163",15
1148,192,TM-00192,2,919.064,0
1149,64,TM-00064,3,"4,725,858",5
1150,35,TM-00035,2,"918,946",0
1151,27,TM-00027,1,"$624,798",0
1151,199,TM-00199,1,"$2.771.120,49",0
1151,121,TM-00121,2,"$1,572,441",15
1151,114,TM-00114,1,"4,997,513",0
1152,100,TM-00100,1,$ 1.052.897,0
1153,72,TM-00072,2,$4.879.240,0
1153,131,TM-00131,3,2.498.312,15
1154,106,TM-00106,1,"$598.140,38",0
1155,198,TM-00198,1,"$3.205.747,11",0
1155,218,TM-00218,2,$ 521.205,0
1155,214,TM-00214,3,912.386,0
1156,69,TM-00069,3,$ 4.581.125,0
1156,137,TM-00137,1,"$1.632.530,77",5
1157,99,TM-00099,1,$ 2.622.140,0
1157,39,TM-00039,1,$1.405.447,0
1158,130,TM-00130,3,$1.934.925,0
1159,124,TM-00124,1,"$357,837",5
1159,187,TM-00187,1,"3,539,574",10
1159,54,TM-00054,1,"4,304,051",0
1159,209,TM-00209,3,"$3.553.870,21",0
1160,190,TM-00190,2,$ 4.760.928,15
1161,54,TM-00054,3,$4.304.051,0
1161,104,TM-00104,2,$4.167.788,5
1161,72,TM-00072,1,$ 4.879.240,5
1161,91,TM-00091,3,2.109.362,0
1162,186,TM-00186,1,3.657.688,15
1162,111,TM-00111,2,$2.062.134,0
1163,144,TM-00144,2,"$2.019.395,58",10
1164,139,TM-00139,1,"$1.325.951,71",10
1164,101,TM-00101,1,"4,111,752",0
1165,59,TM-00059,1,$2.430.572,5
1165,176,TM-00176,3,4.581.655,10
1165,113,TM-00113,3,"$2,421,613",0
1166,73,TM-00073,3,3.565.005,15
1167,119,TM-00119,3,"1,970,357",0
1167,165,TM-00165,2,"1,906,962",10
1167,152,TM-00152,2,$2.147.975,15
1168,90,TM-00090,1,4.105.871,15
1168,59,TM-00059,3,$2.430.572,5
1168,148,TM-00148,1,"$1,518,588",0
1168,156,TM-00156,1,"$1.644.942,31",0
1169,185,TM-00185,3,"3,658,773",5
1170,135,TM-00135,3,4.914.749,10
1170,214,TM-00214,2,"912,386",5
1170,137,TM-00137,3,$ 1.632.530,0
1170,60,TM-00060,3,$ 1.934.422,10
1171,134,TM-00134,2,"$4,309,212",15
1171,97,TM-00097,1,"$2,618,642",15
1172,32,TM-00032,1,$664.555,15
1172,155,TM-00155,2,"4,216,850",0
1172,8,TM-00008,3,"630,596",0
1173,39,TM-00039,1,"$1.405.447,56",0
1174,185,TM-00185,2,"$3.658.773,27",10
1174,50,TM-00050,2,$959.346,0
1174,197,TM-00197,1,"1,240,130",0
1174,176,TM-00176,3,"4,581,655",0
1175,132,TM-00132,1,"$2.094.563,15",0
1175,157,TM-00157,3,$ 380.700,10
1175,142,TM-00142,1,"$3,384,331",0
1175,118,TM-00118,2,"$384,376",0
1176,29,TM-00029,2,"$737.726,23",5
1176,129,TM-00129,1,"1,378,572",10
1177,56,TM-00056,1,"4,824,000",0
1177,36,TM-00036,3,"1,353,991",0
1177,69,TM-00069,3,$ 4.581.125,15
1178,161,TM-00161,2,"$3.978.648,35",10
1178,131,TM-00131,2,$2.498.312,0
1178,25,TM-00025,3,$ 561.349,0
1179,207,TM-00207,3,$3.020.969,10
1180,92,TM-00092,1,$ 3.229.192,10
1181,135,TM-00135,2,"4,914,749",0
1181,151,TM-00151,2,$ 1.375.195,0
1181,118,TM-00118,2,"$384.376,64",0
1181,11,TM-00011,2,"4,391,740",0
1182,66,TM-00066,2,4.645.883,15
1182,120,TM-00120,3,"$387,487",0
1182,199,TM-00199,1,$ 2.771.120,5
1182,154,TM-00154,2,3.370.259,0
1183,164,TM-00164,1,"$2.011.440,76",0
1183,7,TM-00007,2,$2.058.671,0
1183,132,TM-00132,2,"2,094,563",5
1184,88,TM-00088,3,"935,324",15
1185,151,TM-00151,2,"$1,375,195",0
1185,42,TM-00042,-1,$ 2.635.858,0
1185,206,TM-00206,3,"1,133,688",5
1186,51,TM-00051,3,"$4,340,127",5
1186,184,TM-00184,2,2.777.853,0
1186,130,TM-00130,1,"$1.934.925,21",0
1186,117,TM-00117,2,"$2.333.766,65",15
1187,164,TM-00164,3,"$2.011.440,79",10
1187,107,TM-00107,2,$ 1.301.560,0
1187,148,TM-00148,2,"1,518,588",15
1188,69,TM-00069,3,"4,581,125",5
1189,62,TM-00062,2,$4.197.136,0
1189,208,TM-00208,3,"$3.906.698,40",0
1190,39,TM-00039,1,"$1.405.447,41",0
1190,23,TM-00023,1,$2.274.684,0
1190,74,TM-00074,2,"$1.890.642,81",5
1191,56,TM-00056,2,4.824.000,0
1192,69,TM-00069,2,$ 4.581.125,15
1192,45,TM-00045,1,"$2,131,777",5
1193,16,TM-00016,2,"$1,647,274",10
1193,166,TM-00166,3,$3.475.033,15
1194,139,TM-00139,1,"$1.325.951,58",15
1194,103,TM-00103,3,$1.111.854,0
1195,25,TM-00025,3,561.349,0
1195,59,TM-00059,1,"$2.430.572,71",5
1195,142,TM-00142,3,"3,384,331",0
1196,162,TM-00162,2,"$3.118.343,97",0
1196,36,TM-00036,3,$1.353.991,0
1196,113,TM-00113,2,$ 2.421.613,5
1196,178,TM-00178,3,"2,276,064",15
1197,209,TM-00209,2,"$3.553.870,92",0
1197,79,TM-00079,3,"3,586,342",0
1197,205,TM-00205,3,$2.478.058,15
1197,26,TM-00026,2,"4,268,214",5
1198,217,TM-00217,3,"622,826",0
1198,54,TM-00054,3,"$4,304,051",15
1199,144,TM-00144,3,"$2,019,395",5
1199,124,TM-00124,1,$357.837,15
1200,161,TM-00161,3,$3.978.648,15
1200,146,TM-00146,3,"435,800",0
999999,62,TM-00062,2,$4.197.136,5
999999,60,TM-00060,1,1.934.422,15
999999,66,TM-00066,2,$4.645.883,5
999999,134,TM-00134,1,4.309.212,0
999999,88,TM-00088,1,935.324,5
